sample_path|masked_WER|masked_num_wrong_words|total_masked_num_words|true_trans|masked_trans|masked_plcmos|masked_OVRL_raw|masked_SIG_raw|masked_BAK_raw|masked_OVRL|masked_SIG|masked_BAK|masked_P808_MOS|target_OVRL_raw_bigvgan|target_OVRL_raw_hifi_gan|target_SIG_raw_bigvgan|target_SIG_raw_hifi_gan|target_BAK_raw_bigvgan|target_BAK_raw_hifi_gan|target_OVRL_bigvgan|target_OVRL_hifi_gan|target_SIG_bigvgan|target_SIG_hifi_gan|target_BAK_bigvgan|target_BAK_hifi_gan|target_P808_MOS_bigvgan|target_P808_MOS_hifi_gan|OVRL_raw_bigvgan|OVRL_raw_hifi_gan|SIG_raw_bigvgan|SIG_raw_hifi_gan|BAK_raw_bigvgan|BAK_raw_hifi_gan|OVRL_bigvgan|OVRL_hifi_gan|SIG_bigvgan|SIG_hifi_gan|BAK_bigvgan|BAK_hifi_gan|P808_MOS_bigvgan|P808_MOS_hifi_gan|plcmos_target_init_bigvgan|plcmos_target_init_hifi_gan|LSD_init_bigvgan|LSD_init_hifi_gan|STOI_init_bigvgan|STOI_init_hifi_gan|PESQ_init_bigvgan|PESQ_init_hifi_gan|WER_bigvgan|WER_hifi_gan|trans_bigvgan|trans_hifi_gan|num_wrong_words_bigvgan|num_wrong_words_hifi_gan|total_num_words_bigvgan|total_num_words_hifi_gan|plcmos_pred_bigvgan|plcmos_pred_hifi_gan|LSD_bigvgan|LSD_hifi_gan|STOI_bigvgan|STOI_hifi_gan|PESQ_bigvgan|PESQ_hifi_gan|mel_text_false_wer
DiT_Anechoic_LibSp_conditional-masked-melspec_w-masked-pix=1/dit-net_dim768_depth18_heads12_dim-head64_dropout0.1_ff_mult2_T400_betaT0.02/repeat_all_freq-length=30_skip=75_cp=112000_mel_text=False_phoneme-without-space_g2p-no-nn_lm-weight=0p5_ctc-weight=0p1_bs=80/w1=1_w2=0.5_asr_start=320_mask=True/sample_69|22.2222|6|27|in the modern well constructed play he simply rings up an imaginary confederate and tells him what he is going to do could anything be more natural|in the modern world well constructed he simply brings up an imaginary confederate and tells him what he is going to do could any of this be more natural|1.9756|3.482|3.8678|3.7261|3.1092|3.4708|3.7655|3.6428|3.4206|3.1777|4.0182|3.8867|3.4956|3.2121|3.0694|2.9071|3.5549|3.4817|3.6157|3.412|4.1413|3.9574|3.4272|3.2772|3.9682|3.9182|3.5783|3.3694|3.0738|2.9749|3.5273|3.4995|3.6714|3.5303|4.0605|3.7625|3.709|3.699|5.885|5.873|0.642|0.654|1.241|1.215|14.815|14.815|in the modern and well constructed wiley he simply brings up an imaginary confederate and tells them what he is going to do could anything be more natural|in the modern and well constructed wylie he simply brings up an imaginary confederate and tells them what he is going to do could anything be more natural|4|4|27|27|3.647|3.647|1.378|1.46|0.821|0.821|1.803|1.71|14.8148
DiT_Anechoic_LibSp_conditional-masked-melspec_w-masked-pix=1/dit-net_dim768_depth18_heads12_dim-head64_dropout0.1_ff_mult2_T400_betaT0.02/repeat_all_freq-length=30_skip=75_cp=112000_mel_text=False_phoneme-without-space_g2p-no-nn_lm-weight=0p5_ctc-weight=0p1_bs=80/w1=1_w2=0.5_asr_start=320_mask=True/sample_1962|8.3333|2|24|the dull light fell more faintly upon the page whereon another equation began to unfold itself slowly and to spread abroad its widening tail|the dark light fell more faintly upon the page whereon another equation began to unfold itself slowly and to spread abroad its winding tail|2.3206|3.5462|3.7273|4.1755|3.1508|3.3891|4.0274|3.5912|4.1418|4.107|4.3507|4.2975|4.5087|4.5152|3.5054|3.486|3.7273|3.701|4.1825|4.1853|4.0219|4.1583|4.0772|4.107|4.3058|4.2968|4.483|4.4991|3.4692|3.486|3.7051|3.7006|4.1716|4.1785|3.9021|4.0594|4.098|4.39|5.675|5.705|0.614|0.634|1.249|1.213|0.0|0.0|the dull light fell more faintly upon the page whereon another equation began to unfold itself slowly and to spread abroad its widening tail|the dull light fell more faintly upon the page whereon another equation began to unfold itself slowly and to spread abroad its widening tail|0|0|24|24|4.14|4.263|1.392|1.524|0.859|0.855|1.902|1.787|4.1667
DiT_Anechoic_LibSp_conditional-masked-melspec_w-masked-pix=1/dit-net_dim768_depth18_heads12_dim-head64_dropout0.1_ff_mult2_T400_betaT0.02/repeat_all_freq-length=30_skip=75_cp=112000_mel_text=False_phoneme-without-space_g2p-no-nn_lm-weight=0p5_ctc-weight=0p1_bs=80/w1=1_w2=0.5_asr_start=320_mask=True/sample_1885|9.6774|3|31|it was a serious crime indeed mister watson told them and tom gates bade fair to serve a lengthy term in state is prison as a consequence of his rash act|it was a serious crime indeed mister watson told them and tom gate bade fair to have a lengthy term in the state is prison as a consequence of his rash act|2.0596|3.2272|3.5135|3.8014|2.9412|3.258|3.8183|3.5598|3.4554|3.2555|4.0201|3.9368|3.5648|3.3681|3.0925|2.9603|3.5561|3.51|3.667|3.5301|4.0384|3.9299|3.5874|3.3906|4.0822|4.103|3.684|3.3821|3.1769|3.0502|3.5896|3.6007|3.7451|3.5401|3.9909|4.076|3.594|3.663|6.199|6.293|0.73|0.776|1.381|1.354|6.452|6.452|it was a serious crime indeed mister watson told them and tom gates obeyed fair to serve a lengthy term in the state is prison as a consequence of his rash act|it was a serious crime indeed mister watson told them and tom gates made fair to serve a lengthy term in the state is prison as a consequence of his rash act|2|2|31|31|3.586|3.598|1.421|1.482|0.876|0.873|2.022|2.075|9.6774
DiT_Anechoic_LibSp_conditional-masked-melspec_w-masked-pix=1/dit-net_dim768_depth18_heads12_dim-head64_dropout0.1_ff_mult2_T400_betaT0.02/repeat_all_freq-length=30_skip=75_cp=112000_mel_text=False_phoneme-without-space_g2p-no-nn_lm-weight=0p5_ctc-weight=0p1_bs=80/w1=1_w2=0.5_asr_start=320_mask=True/sample_2162|20.0|6|30|we have always thought that it was sometimes a courageous act and at least a simple and useful deed worthy of the sympathetic attention which duty accepted and fulfilled merits|we have always thought that it was sometimes a courageous act and at least it was simple and useful indeed worthy of the sympathetic attention to which duty was accepted in fulfilled merits|2.0473|3.0178|3.3072|3.7075|2.7947|3.1229|3.7536|3.5283|3.2152|3.21|3.8336|3.7511|3.3709|3.4107|2.9325|2.9293|3.451|3.4031|3.5304|3.56|3.9881|4.0359|3.2408|3.3803|3.8594|3.8821|3.3229|3.5505|2.9496|3.0414|3.4647|3.4764|3.4964|3.6554|3.9503|4.109|4.135|4.133|6.181|6.319|0.577|0.602|1.273|1.247|0.0|0.0|we have always thought that it was sometimes a courageous act and at least a simple and useful deed worthy of the sympathetic attention which duty accepted and fulfilled merits|we have always thought that it was sometimes a courageous act and at least a simple and useful deed worthy of the sympathetic attention which duty accepted and fulfilled merits|0|0|30|30|4.069|4.106|1.322|1.419|0.859|0.859|2.056|2.001|0.0
DiT_Anechoic_LibSp_conditional-masked-melspec_w-masked-pix=1/dit-net_dim768_depth18_heads12_dim-head64_dropout0.1_ff_mult2_T400_betaT0.02/repeat_all_freq-length=30_skip=75_cp=112000_mel_text=False_phoneme-without-space_g2p-no-nn_lm-weight=0p5_ctc-weight=0p1_bs=80/w1=1_w2=0.5_asr_start=320_mask=True/sample_317|15.1515|5|33|on the contrary he resolved to tell them that repenting of his violence and moved by her tears he had only carried her half way towards his house and then let her go|on the contrary he resolved to tell them that repressing of his violence and moved by fears he had only carried her halfway towards his house and then let her go|3.0638|3.7358|4.0479|4.1135|3.2688|3.5712|3.9952|3.9786|4.1378|4.1435|4.3257|4.3548|4.5221|4.5377|3.5031|3.5063|3.715|3.7293|4.1882|4.1947|4.1141|4.2524|3.8048|4.1032|4.2367|4.3661|3.918|4.3313|3.3106|3.4838|3.6703|3.7348|3.8874|4.1036|4.0245|4.189|4.448|4.44|5.695|5.737|0.702|0.708|1.319|1.288|6.061|6.061|on the contrary he resolved to tell them that repenting of his violence and moved by fears he had only carried her half way towards his house and then let her go|on the contrary he resolved to tell them that repenting of his violence and moved by fears he had only carried her half way towards his house and then let her go|2|2|33|33|4.461|4.538|1.769|1.83|0.881|0.882|1.688|1.663|6.0606
DiT_Anechoic_LibSp_conditional-masked-melspec_w-masked-pix=1/dit-net_dim768_depth18_heads12_dim-head64_dropout0.1_ff_mult2_T400_betaT0.02/repeat_all_freq-length=30_skip=75_cp=112000_mel_text=False_phoneme-without-space_g2p-no-nn_lm-weight=0p5_ctc-weight=0p1_bs=80/w1=1_w2=0.5_asr_start=320_mask=True/sample_1861|11.1111|4|36|this was the 1st occasion within a generation when such an entertainment had been given at elmhurst and the only one within the memory of man where the neighbors and country people had been invited guests|this was the 1st occasion within a generation when such entertainment had been given at elmhurst and the only one within the memory of man were the neighbors and people had been the invited guests|1.9013|2.6323|3.032|3.258|2.513|2.9329|3.4454|3.5899|3.311|3.3726|3.7766|3.8348|3.5422|3.6159|2.9953|3.038|3.416|3.4515|3.6494|3.7007|3.987|4.1419|3.0807|3.738|3.6515|4.066|3.2248|4.0722|2.8329|3.27|3.3406|3.5803|3.396|3.973|4.0519|4.1348|3.598|3.553|6.209|6.211|0.695|0.723|1.327|1.279|5.556|8.333|this was the 1st occasion within a generation when such an entertainment had been given at elmhurst and the only one within the memory of man or the neighbors and country people had been the invited guests|this was the 1st occasion within a generation when such entertainment had been given at elmhurst and the only one within the memory of man or the neighbors and country people had been the invited guests|2|3|36|36|3.859|3.88|1.359|1.434|0.879|0.871|1.87|1.803|2.7778
DiT_Anechoic_LibSp_conditional-masked-melspec_w-masked-pix=1/dit-net_dim768_depth18_heads12_dim-head64_dropout0.1_ff_mult2_T400_betaT0.02/repeat_all_freq-length=30_skip=75_cp=112000_mel_text=False_phoneme-without-space_g2p-no-nn_lm-weight=0p5_ctc-weight=0p1_bs=80/w1=1_w2=0.5_asr_start=320_mask=True/sample_80|16.6667|3|18|he reckoned therefore not only upon ascertaining the extent of the late catastrophe but upon learning its cause|he wrecked therefore not only upon ascertaining the extent of the living catastrophe but upon its cause|2.3535|3.4447|3.7398|3.9522|3.0851|3.3959|3.9062|3.2897|3.6847|3.5416|4.2358|4.1177|3.7044|3.5264|3.2371|3.1477|3.6698|3.6083|3.7554|3.6409|3.8848|3.9869|3.6167|3.4461|4.2359|4.1326|3.5752|3.3817|3.195|3.086|3.6699|3.6162|3.6724|3.5384|3.8459|3.9985|2.962|3.439|5.583|5.617|0.654|0.683|1.313|1.284|11.111|11.111|he reckoned therefore not only upon ascertaining the extent of the little catastrophe but upon knowing its cause|he reckoned therefore not only upon ascertaining the extent of the little catastrophe but upon knowing its cause|2|2|18|18|3.052|3.415|1.201|1.31|0.86|0.86|1.855|1.845|11.1111
DiT_Anechoic_LibSp_conditional-masked-melspec_w-masked-pix=1/dit-net_dim768_depth18_heads12_dim-head64_dropout0.1_ff_mult2_T400_betaT0.02/repeat_all_freq-length=30_skip=75_cp=112000_mel_text=False_phoneme-without-space_g2p-no-nn_lm-weight=0p5_ctc-weight=0p1_bs=80/w1=1_w2=0.5_asr_start=320_mask=True/sample_304|17.9487|7|39|time rolled on the hour of her delivery arrived it took place in the utmost secrecy her mother taking upon her the office of midwife and she gave birth to a son one of the most beautiful ever seen|time rolled on and the hour of her diary arrived in her place in the most secrecy her mother taking upon her office of midwife as she gave birth to a son one of the most beautiful ever seen|2.4944|3.8715|4.081|4.2799|3.349|3.5882|4.0748|3.4296|3.9599|4.0799|4.3259|4.3064|4.1323|4.4667|3.4017|3.4706|3.7151|3.7053|4.0003|4.1637|4.0404|4.0467|4.0191|4.1027|4.3648|4.3452|4.2209|4.4558|3.4355|3.4833|3.734|3.7243|4.0449|4.159|4.0631|4.0849|4.57|4.55|5.353|5.427|0.648|0.661|1.318|1.264|7.692|12.82|time rolled on the hour of her delivery arrived and took place in utmost secrecy her mother taking upon her office of midwife and she gave birth to a son one of the most beautiful ever seen|time rolled on then the hour of her delivery arrived and took place in utmost secrecy her mother taking upon her office of midwife as she gave birth to a son one of the most beautiful ever seen|3|5|39|39|4.668|4.6|1.901|1.926|0.849|0.843|1.783|1.791|2.5641
DiT_Anechoic_LibSp_conditional-masked-melspec_w-masked-pix=1/dit-net_dim768_depth18_heads12_dim-head64_dropout0.1_ff_mult2_T400_betaT0.02/repeat_all_freq-length=30_skip=75_cp=112000_mel_text=False_phoneme-without-space_g2p-no-nn_lm-weight=0p5_ctc-weight=0p1_bs=80/w1=1_w2=0.5_asr_start=320_mask=True/sample_1816|3.3333|1|30|a gramophone by the help of suitable records might relate to us the incidents of its past and people are not so different from gramophones as they like to believe|a gramophone by the help of suitable records might relate to the incidents of its past and people are not so different from gramophones as they like to believe|2.5175|3.8916|3.9981|4.5136|3.3621|3.5437|4.1846|3.6498|3.8271|4.0836|4.1534|4.2501|4.1321|4.5083|3.324|3.4728|3.6273|3.6771|4.0049|4.1824|3.9343|4.0972|3.9187|3.9937|4.1503|4.1862|4.3052|4.3778|3.3779|3.4216|3.6254|3.6443|4.0907|4.125|3.8774|4.0544|4.149|4.202|5.446|5.496|0.717|0.741|1.395|1.314|3.333|13.333|a gramophone by the help of suitable records might relate to us the incidents of this past and people are not so different from gramophones as they like to believe|a gramophone by the help of suitable records might relate to us the incidents of this past and people having taught it so different from gramophones as they like to believe|1|4|30|30|4.236|4.254|1.478|1.608|0.91|0.899|2.159|2.223|3.3333
DiT_Anechoic_LibSp_conditional-masked-melspec_w-masked-pix=1/dit-net_dim768_depth18_heads12_dim-head64_dropout0.1_ff_mult2_T400_betaT0.02/repeat_all_freq-length=30_skip=75_cp=112000_mel_text=False_phoneme-without-space_g2p-no-nn_lm-weight=0p5_ctc-weight=0p1_bs=80/w1=1_w2=0.5_asr_start=320_mask=True/sample_1529|8.0|2|25|he selected a small gold bottle with a pepper box top so that the powder might be sprinkled on any object through the small holes|he selected a small gold shell with a pepper mix top so that the powder might be sprinkled on any object through the small holes|3.0311|3.297|3.5638|3.8711|2.9876|3.2894|3.8577|3.5703|3.7581|3.5707|4.1282|3.9863|3.9496|3.7765|3.2822|3.166|3.6138|3.5373|3.9049|3.8023|4.0962|4.1462|3.711|3.6467|4.1163|4.0643|3.877|3.7978|3.2529|3.2136|3.6074|3.5797|3.8618|3.8148|4.0656|4.1548|4.632|4.46|6.344|6.444|0.652|0.679|1.305|1.286|4.0|4.0|he selected a small gold shell with a pepper box top so that the powder might be sprinkled on any object through the small holes|he selected a small gold shell with a pepper box top so that the powder might be sprinkled on any object through the small holes|1|1|25|25|4.55|4.429|1.566|1.592|0.874|0.878|1.714|1.685|4.0
DiT_Anechoic_LibSp_conditional-masked-melspec_w-masked-pix=1/dit-net_dim768_depth18_heads12_dim-head64_dropout0.1_ff_mult2_T400_betaT0.02/repeat_all_freq-length=30_skip=75_cp=112000_mel_text=False_phoneme-without-space_g2p-no-nn_lm-weight=0p5_ctc-weight=0p1_bs=80/w1=1_w2=0.5_asr_start=320_mask=True/sample_1809|0.0|0|27|this distinction is vital to the understanding of memory but it is not so easy to carry out in practice as it is to draw in theory|this distinction is vital to the understanding of memory but it is not so easy to carry out in practice as it is to draw in theory|2.3993|3.7273|3.9001|4.3298|3.2637|3.4893|4.1028|3.6433|4.0327|3.9534|4.2531|4.1439|4.4084|4.4509|3.444|3.3984|3.6786|3.6223|4.1389|4.1577|4.1376|4.1071|4.063|3.9535|4.2762|4.1416|4.4641|4.4893|3.4612|3.3985|3.6903|3.6211|4.1635|4.1743|4.0462|4.0458|4.256|4.397|5.095|5.153|0.649|0.667|1.372|1.306|0.0|0.0|this distinction is vital to the understanding of memory but it is not so easy to carry out in practice as it is to draw in theory|this distinction is vital to the understanding of memory but it is not so easy to carry out in practice as it is to draw in theory|0|0|27|27|4.321|4.407|1.511|1.575|0.886|0.878|1.952|1.947|0.0
DiT_Anechoic_LibSp_conditional-masked-melspec_w-masked-pix=1/dit-net_dim768_depth18_heads12_dim-head64_dropout0.1_ff_mult2_T400_betaT0.02/repeat_all_freq-length=30_skip=75_cp=112000_mel_text=False_phoneme-without-space_g2p-no-nn_lm-weight=0p5_ctc-weight=0p1_bs=80/w1=1_w2=0.5_asr_start=320_mask=True/sample_582|5.8824|1|17|the atmosphere is charged with vapors pervaded with the electricity generated by the evaporation of saline waters|the atmosphere is charged with vapors provided with the electricity generated by the evaporation of saline waters|2.714|3.1888|3.4978|3.6953|2.9149|3.2481|3.751|3.5228|3.8917|3.5445|4.1529|3.85|4.4089|4.0948|3.3619|3.1494|3.6267|3.4606|4.1385|3.9848|3.9903|4.1326|3.9896|3.9208|4.2339|4.1656|4.487|4.3952|3.4193|3.3793|3.6688|3.6336|4.1732|4.133|3.9984|4.1994|4.147|4.184|6.139|6.183|0.62|0.644|1.267|1.255|5.882|11.765|the atmosphere is charged with vapors provided with the electricity generated by the evaporation of saline waters|the atmosphere is charged with vapors provided with the electricity generated by the evaporation of sailing waters|1|2|17|17|4.136|4.278|1.332|1.397|0.874|0.873|1.692|1.727|17.6471
DiT_Anechoic_LibSp_conditional-masked-melspec_w-masked-pix=1/dit-net_dim768_depth18_heads12_dim-head64_dropout0.1_ff_mult2_T400_betaT0.02/repeat_all_freq-length=30_skip=75_cp=112000_mel_text=False_phoneme-without-space_g2p-no-nn_lm-weight=0p5_ctc-weight=0p1_bs=80/w1=1_w2=0.5_asr_start=320_mask=True/sample_1845|12.5|4|32|to celebrate the arrival of her son silvia gave a splendid supper to which she had invited all her relatives and it was a good opportunity for me to make their acquaintance|to celebrate the arrival of her son sylvia gave a splendid supper to which she had invited all her relatives and it was an opportunity for them to make their acquaintance|2.478|3.0583|3.422|3.4218|2.8221|3.1989|3.5512|3.4804|3.7343|3.9682|4.2238|4.2885|3.8093|4.2556|3.267|3.4068|3.6637|3.6965|3.816|4.067|3.8826|3.8986|3.5262|3.6597|4.1405|4.1448|3.4947|3.7372|3.1361|3.2217|3.6205|3.6228|3.6059|3.7774|3.7008|3.8031|3.699|3.996|5.98|6.013|0.701|0.721|1.327|1.281|9.375|9.375|to celebrate the arrival of her son sylvia gave a splendid supper to which she had invited all her relatives and it was a great opportunity for them to make their acquaintance|to celebrate the arrival of her son sylvia gave a splendid supper to which she had invited all her relatives and it was a great opportunity for them to make their acquaintance|3|3|32|32|3.572|3.741|1.268|1.335|0.86|0.865|2.011|1.989|6.25
DiT_Anechoic_LibSp_conditional-masked-melspec_w-masked-pix=1/dit-net_dim768_depth18_heads12_dim-head64_dropout0.1_ff_mult2_T400_betaT0.02/repeat_all_freq-length=30_skip=75_cp=112000_mel_text=False_phoneme-without-space_g2p-no-nn_lm-weight=0p5_ctc-weight=0p1_bs=80/w1=1_w2=0.5_asr_start=320_mask=True/sample_1667|22.8571|8|35|1000s of handkerchiefs were waving above these tightly packed masses hailing the abraham lincoln until it reached the waters of the hudson river at the tip of the long peninsula that forms new york city|1000 handkerchiefs waving above these tightly marked masses hailing the a m lincoln until it reached the water of the hudson river the tip of the long peninsula that forms new york city|2.0795|2.8833|3.4601|3.0432|2.6988|3.2231|3.2783|3.3731|3.6944|3.6119|4.1169|4.0161|3.8408|3.8061|3.2433|3.1898|3.6079|3.5534|3.8408|3.8129|3.9195|3.9592|3.3546|3.6436|4.1006|4.0473|3.2418|3.8278|3.0252|3.2108|3.5992|3.5705|3.429|3.8298|3.8059|3.9022|3.6|3.687|6.445|6.538|0.687|0.707|1.319|1.268|8.571|8.571|1000s of handkerchiefs were waving above at these tightly packed masses hailing the atrium lincoln until it reached the water of the hudson river at the tip of the long peninsula that forms new york city|1000s of handkerchiefs were waving above at these tightly packed masses hailing the atrium lincoln until it reached the water of the hudson river at the tip of the long peninsula that forms new york city|3|3|35|35|3.544|3.705|1.34|1.44|0.891|0.885|1.833|1.838|5.7143
DiT_Anechoic_LibSp_conditional-masked-melspec_w-masked-pix=1/dit-net_dim768_depth18_heads12_dim-head64_dropout0.1_ff_mult2_T400_betaT0.02/repeat_all_freq-length=30_skip=75_cp=112000_mel_text=False_phoneme-without-space_g2p-no-nn_lm-weight=0p5_ctc-weight=0p1_bs=80/w1=1_w2=0.5_asr_start=320_mask=True/sample_610|13.6364|3|22|i can distinguish the eye of the ichthyosaurus glowing like a red hot coal and as large as a man is head|i can see the eye of the iasaurus glowing like a hot coal and as large as a man is head|2.6456|2.9444|3.4156|3.202|2.7424|3.1948|3.4003|3.8253|3.1201|3.36|3.6489|3.7834|3.4187|3.749|2.8672|3.0292|3.3418|3.4213|3.5644|3.7851|4.1052|4.2837|3.0454|3.2961|3.5505|3.7208|3.4546|3.7195|2.8152|2.9869|3.2811|3.3843|3.5903|3.767|4.0571|4.2074|3.932|4.15|5.466|5.507|0.738|0.772|1.339|1.356|13.636|13.636|i can still wish the eye of the iggyatosaurus glowing like a red hot coal and as large as a man is head|i can still wish the eye of the iggetosaurus glowing like a red hot coal and as large as a man is head|3|3|22|22|3.805|4.044|1.503|1.578|0.866|0.87|2.126|2.156|9.0909
DiT_Anechoic_LibSp_conditional-masked-melspec_w-masked-pix=1/dit-net_dim768_depth18_heads12_dim-head64_dropout0.1_ff_mult2_T400_betaT0.02/repeat_all_freq-length=30_skip=75_cp=112000_mel_text=False_phoneme-without-space_g2p-no-nn_lm-weight=0p5_ctc-weight=0p1_bs=80/w1=1_w2=0.5_asr_start=320_mask=True/sample_504|0.0|0|19|but they have nothing to do with the interpretation of plato and in spirit they are opposed to him|but they have nothing to do with the interpretation of plato and in spirit they are opposed to him|1.7626|3.0921|3.5951|3.2108|2.8477|3.3089|3.4094|3.2764|3.2171|3.0572|4.0586|3.8708|3.0479|2.9439|2.9341|2.8236|3.5768|3.4725|3.2838|3.1987|3.8697|3.8284|3.2778|3.248|4.1186|3.9535|3.1253|3.1911|2.9744|2.9551|3.6089|3.5192|3.3415|3.3966|3.9114|3.718|2.847|2.76|5.794|5.831|0.648|0.666|1.356|1.257|10.526|10.526|but they have nothing to do with the interpretation of plato and instead they are opposed to him|but they have nothing to do with the interpretation of plato and instead they are opposed to him|2|2|19|19|3.152|3.121|1.282|1.322|0.85|0.847|1.99|1.977|10.5263
DiT_Anechoic_LibSp_conditional-masked-melspec_w-masked-pix=1/dit-net_dim768_depth18_heads12_dim-head64_dropout0.1_ff_mult2_T400_betaT0.02/repeat_all_freq-length=30_skip=75_cp=112000_mel_text=False_phoneme-without-space_g2p-no-nn_lm-weight=0p5_ctc-weight=0p1_bs=80/w1=1_w2=0.5_asr_start=320_mask=True/sample_244|18.9189|7|37|at the edge of this box there lies a great wooden doll which so far as mutilation is concerned bears a strong resemblance to the finest greek sculpture and especially in the total loss of its nose|at the end of this box lies a great red doll which as far as mutilation is concerned bears a strong resemblance to the finest greek sculpture and is actually in the total length of its nose|2.1104|3.2911|3.6182|3.8121|2.9826|3.3215|3.8215|3.6949|3.9951|3.9609|4.2614|4.2209|4.4185|4.3992|3.4224|3.4025|3.6828|3.6619|4.1431|4.1347|3.7896|3.7731|3.8986|3.6563|4.1793|4.0561|4.3869|3.9515|3.3661|3.2194|3.6407|3.5752|4.1285|3.9039|3.8282|3.735|4.209|4.026|6.313|6.347|0.647|0.683|1.274|1.189|5.405|5.405|at the end of this box there lies a great wooden doll which as far as mutilation is concerned bears a strong resemblance to the finest greek sculpture and especially in the total loss of its nose|at the end of this box there lies a great wooden doll which as far as mutilation is concerned bears a strong resemblance to the finest greek sculpture and especially in the total loss of its nose|2|2|37|37|4.082|3.786|1.688|1.736|0.852|0.857|1.762|1.81|5.4054
DiT_Anechoic_LibSp_conditional-masked-melspec_w-masked-pix=1/dit-net_dim768_depth18_heads12_dim-head64_dropout0.1_ff_mult2_T400_betaT0.02/repeat_all_freq-length=30_skip=75_cp=112000_mel_text=False_phoneme-without-space_g2p-no-nn_lm-weight=0p5_ctc-weight=0p1_bs=80/w1=1_w2=0.5_asr_start=320_mask=True/sample_2265|11.1111|2|18|i am now tall and my branches spread like the others that were carried off last year 0|i am now tall and my branches spread like the others i carried off last year 0|2.392|2.8516|3.2207|3.1863|2.6755|3.0655|3.3851|3.5375|3.1273|3.1688|3.8862|3.9507|3.0315|2.9777|2.8722|2.901|3.4815|3.5177|3.27|3.2266|3.6779|3.8273|3.2205|3.2392|3.8681|4.0532|3.257|3.0758|2.9365|2.9487|3.471|3.5739|3.4477|3.3052|3.7372|3.9388|3.626|3.292|5.913|5.972|0.707|0.752|1.379|1.27|5.556|0.0|i am now tall and my branches spread like the others that were carried off last year 0 .|i am now tall and my branches spread like the others that were carried off last year 0|1|0|18|18|3.621|3.323|1.457|1.534|0.831|0.862|1.768|1.759|0.0
DiT_Anechoic_LibSp_conditional-masked-melspec_w-masked-pix=1/dit-net_dim768_depth18_heads12_dim-head64_dropout0.1_ff_mult2_T400_betaT0.02/repeat_all_freq-length=30_skip=75_cp=112000_mel_text=False_phoneme-without-space_g2p-no-nn_lm-weight=0p5_ctc-weight=0p1_bs=80/w1=1_w2=0.5_asr_start=320_mask=True/sample_909|10.7143|3|28|he had no occasion to delay for at the next instant a burst of cries filled the outer air and ran along the whole extent of the village|he had an occasion to delay for at the next instant a burst of surprise filled the air and ran along the whole extent of the village|2.7688|3.6103|3.808|4.1691|3.1907|3.436|4.0236|3.9121|3.9313|3.8457|4.251|4.2397|4.17|3.9614|3.3853|3.335|3.6773|3.6718|4.0243|3.9117|4.0978|4.0142|3.9052|3.9058|4.229|4.2703|4.1585|4.0261|3.37|3.3704|3.6661|3.6873|4.0184|3.9469|4.0712|4.0374|4.214|4.342|5.731|5.701|0.704|0.722|1.259|1.234|0.0|0.0|he had no occasion to delay for at the next instant a burst of cries filled the outer air and ran along the whole extent of the village|he had no occasion to delay for at the next instant a burst of cries filled the outer air and ran along the whole extent of the village|0|0|28|28|3.97|4.227|1.386|1.498|0.889|0.888|1.806|1.839|0.0
DiT_Anechoic_LibSp_conditional-masked-melspec_w-masked-pix=1/dit-net_dim768_depth18_heads12_dim-head64_dropout0.1_ff_mult2_T400_betaT0.02/repeat_all_freq-length=30_skip=75_cp=112000_mel_text=False_phoneme-without-space_g2p-no-nn_lm-weight=0p5_ctc-weight=0p1_bs=80/w1=1_w2=0.5_asr_start=320_mask=True/sample_378|13.0435|3|23|she spoke with a sudden energy which partook of fear and passion and flushed her thin cheek and made her languid eyes flash|she spoke with a sudden energy which partook of fear and compassion and forged her thin chin and made her languid eyes flash|2.147|3.0766|3.4072|3.5335|2.8374|3.1901|3.6459|3.2908|3.2636|3.1789|3.8618|3.821|3.1679|3.0701|2.9657|2.9082|3.4676|3.4441|3.3802|3.3032|3.5362|3.598|2.7633|3.0899|3.7429|3.7189|2.5315|3.1071|2.6117|2.8467|3.3983|3.384|2.8338|3.3326|3.707|3.7161|3.52|3.403|6.175|6.197|0.622|0.641|1.354|1.267|4.348|4.348|she spoke with a sudden energy which partook of fear and passion and flushed her thin cheek and made her angued eyes flash|she spoke with a sudden energy which partook of fear and passion and flushed her thin cheek and made her anguid eyes flash|1|1|23|23|3.211|3.223|1.547|1.628|0.81|0.802|1.706|1.717|4.3478
DiT_Anechoic_LibSp_conditional-masked-melspec_w-masked-pix=1/dit-net_dim768_depth18_heads12_dim-head64_dropout0.1_ff_mult2_T400_betaT0.02/repeat_all_freq-length=30_skip=75_cp=112000_mel_text=False_phoneme-without-space_g2p-no-nn_lm-weight=0p5_ctc-weight=0p1_bs=80/w1=1_w2=0.5_asr_start=320_mask=True/sample_404|25.0|9|36|i do not know and can not say how you fine gentlemen define wickedness only as an obscure female i speak according to my lights and he is generally thought the wickedest man in this county|i know and can not say how you find a gentleman defying a goodness only as an obscure female i speak according to my lights and he is generally thought the worst man in this county|2.3748|2.9875|3.4851|3.1771|2.7735|3.2397|3.381|3.0566|2.8065|3.23|3.7718|3.9409|2.6461|3.2017|2.6419|2.9392|3.4151|3.5121|2.9334|3.3871|3.6305|3.5646|2.5771|3.1427|3.7655|3.8673|2.3205|3.1542|2.4704|2.8827|3.4111|3.4702|2.6266|3.3674|3.4838|3.4227|4.085|3.816|5.776|5.881|0.694|0.7|1.311|1.241|19.444|27.778|i do not know and can not say anyhow you find a gentleman defying weirdness only as an obscure female i speak according to my lights and he is generally thought the weakest man in this county|i do not know in kantsangay how you find a gentleman defying weirdness only as an obscure female i speak according to my lights and he is generally thought the weakest man in this county|7|10|36|36|4.044|3.906|1.481|1.555|0.868|0.868|1.678|1.667|19.4444
DiT_Anechoic_LibSp_conditional-masked-melspec_w-masked-pix=1/dit-net_dim768_depth18_heads12_dim-head64_dropout0.1_ff_mult2_T400_betaT0.02/repeat_all_freq-length=30_skip=75_cp=112000_mel_text=False_phoneme-without-space_g2p-no-nn_lm-weight=0p5_ctc-weight=0p1_bs=80/w1=1_w2=0.5_asr_start=320_mask=True/sample_19|0.0|0|42|but such was his keenness that even while the wide flukes of his engorged victim were still sticking out at the corners of his beak his fierce red eyes were once more peering downward into the torrent in search of fresh prey|but such was his keenness that even while the wide flukes of his engorged victim were still sticking out at the corners of his beak his fierce red eyes were once more peering downward into the torrent in search of fresh prey|2.0511|3.3148|3.5859|3.9474|2.9993|3.3031|3.8995|3.7992|3.8223|3.8671|4.1313|4.1517|4.1163|4.2073|3.3211|3.3477|3.6156|3.6263|3.9966|4.0432|4.0756|4.1234|3.8533|3.8698|4.1729|4.1999|4.1414|4.0778|3.3392|3.3492|3.6371|3.6513|4.0093|3.9762|4.1707|4.2212|4.039|4.189|6.025|6.071|0.695|0.72|1.208|1.162|9.524|9.524|but such was his keenness that even while the wide flukes of his gourged victim were still stinking out at the quaint of his beak his fierce eyes were once more peering downward into the torrent in search of fresh prey|but such was his keenness that even while the wide flukes of his gourged victim were still stinking out at the quaint of his beak his fierce eyes were once more peering downward into the torrent in search of fresh prey|4|4|42|42|4.152|4.289|1.449|1.534|0.893|0.892|1.798|1.876|4.7619
DiT_Anechoic_LibSp_conditional-masked-melspec_w-masked-pix=1/dit-net_dim768_depth18_heads12_dim-head64_dropout0.1_ff_mult2_T400_betaT0.02/repeat_all_freq-length=30_skip=75_cp=112000_mel_text=False_phoneme-without-space_g2p-no-nn_lm-weight=0p5_ctc-weight=0p1_bs=80/w1=1_w2=0.5_asr_start=320_mask=True/sample_1697|7.6923|3|39|classifying was everything to him so he knew nothing else well versed in the theory of classification he was poorly versed in its practical application and i doubt that he could tell a sperm whale from a baleen whale|classification was everything to him so he knew nothing else well versed in the theory of classification he was poorly versed in the practical application and i doubt he could tell a sperm whale from a baleen whale|2.36|3.667|3.9414|4.0947|3.2257|3.5124|3.9823|3.5391|3.9496|4.1158|4.2519|4.3887|4.2483|4.3209|3.3961|3.4908|3.678|3.7456|4.0636|4.0987|3.8212|3.919|3.8749|4.2051|4.2306|4.4533|4.0415|4.4161|3.3523|3.54|3.6672|3.7764|3.9563|4.1423|3.9304|3.9973|3.518|3.723|6.798|6.862|0.654|0.668|1.313|1.28|7.692|7.692|classification was everything to him so he knew nothing else well versed in the theory of classification he was poorly versed in his practical application and i doubt he could tell a sperm whale from a baleen whale|classification was everything to him so he knew nothing else well versed in the theory of classification he was poorly versed in his practical application and i doubt if he could tell a sperm whale from a baleen whale|3|3|39|39|3.651|3.893|1.431|1.491|0.866|0.862|1.792|1.721|12.8205
DiT_Anechoic_LibSp_conditional-masked-melspec_w-masked-pix=1/dit-net_dim768_depth18_heads12_dim-head64_dropout0.1_ff_mult2_T400_betaT0.02/repeat_all_freq-length=30_skip=75_cp=112000_mel_text=False_phoneme-without-space_g2p-no-nn_lm-weight=0p5_ctc-weight=0p1_bs=80/w1=1_w2=0.5_asr_start=320_mask=True/sample_2068|11.1111|4|36|before this travesty on the administration of law could be brought before the court of last resort and there meet with the reversal and rebuke it deserved men were imprisoned under sentences of many years duration|before the travesty on the administration of law could be brought before the court of last resort and there met with the reversal and rebuke deserved men were imprisoned under sentence of many years duration|1.9078|3.1065|3.6553|3.2984|2.8553|3.3456|3.4604|3.732|3.6939|3.7539|4.2291|4.1994|3.7542|3.9193|3.2425|3.2794|3.6663|3.6512|3.7876|3.8862|3.9789|4.0601|3.4698|3.9066|4.1801|4.2505|3.4084|4.1587|3.101|3.3704|3.6412|3.6772|3.5568|4.0165|3.9142|3.9894|3.438|3.53|6.466|6.424|0.702|0.732|1.273|1.23|16.667|16.667|performer travesty on the administration of law could be brought before the court of last resort and there met with the universal and rebuke they deserved men were imprisoned under sentence of many years duration|performer travesty on the administration of law could be brought before the court of last resort and there met with the universal and rebuke they deserved men were imprisoned under sentence of many years duration|6|6|36|36|3.523|3.515|1.505|1.584|0.868|0.866|1.724|1.697|16.6667
DiT_Anechoic_LibSp_conditional-masked-melspec_w-masked-pix=1/dit-net_dim768_depth18_heads12_dim-head64_dropout0.1_ff_mult2_T400_betaT0.02/repeat_all_freq-length=30_skip=75_cp=112000_mel_text=False_phoneme-without-space_g2p-no-nn_lm-weight=0p5_ctc-weight=0p1_bs=80/w1=1_w2=0.5_asr_start=320_mask=True/sample_1119|13.6364|3|22|mister popham exaggerated nothing but on the contrary left much unsaid in his narrative of the family at the house of lords|mister tophamig said nothing but on the contrary left much said in his narrative of the family at the house of lords|2.5058|3.6617|3.8691|4.2074|3.2232|3.4716|4.043|3.5969|3.8498|3.8628|4.1705|4.2132|4.2616|4.1813|3.3375|3.3451|3.6361|3.6581|4.0701|4.0298|4.0451|3.9383|3.8991|3.8396|4.1865|4.1873|4.3451|4.1648|3.3667|3.3312|3.6445|3.6448|4.1098|4.021|4.0991|3.9395|4.275|4.022|5.253|5.297|0.656|0.662|1.366|1.259|4.545|4.545|mister popham exaggerated nothing but on the contrary slept much unsaid in his narrative of the family at the house of lords|mister popham exaggerated nothing but on the contrary slept much unsaid in his narrative of the family at the house of lords|1|1|22|22|4.457|4.25|1.49|1.522|0.877|0.872|1.782|1.87|4.5455
DiT_Anechoic_LibSp_conditional-masked-melspec_w-masked-pix=1/dit-net_dim768_depth18_heads12_dim-head64_dropout0.1_ff_mult2_T400_betaT0.02/repeat_all_freq-length=30_skip=75_cp=112000_mel_text=False_phoneme-without-space_g2p-no-nn_lm-weight=0p5_ctc-weight=0p1_bs=80/w1=1_w2=0.5_asr_start=320_mask=True/sample_915|12.5|3|24|but hawkeye who was too much occupied with his own thoughts to note the movement continued speaking more to himself than to his companion|but hawkeye who was too much occupied with his own thoughts to denote the movement continued spreading more to himself and to his companion|2.9564|3.8328|3.9636|4.45|3.3273|3.5249|4.1568|3.41|4.1014|4.1372|4.312|4.3397|4.4365|4.4996|3.4827|3.5026|3.7081|3.7218|4.1511|4.1785|3.857|3.8708|3.9949|4.2072|4.2246|4.3525|4.3376|4.6177|3.4222|3.5413|3.6641|3.7281|4.1063|4.2267|3.8571|3.8358|4.639|4.541|5.486|5.524|0.752|0.778|1.301|1.257|0.0|0.0|but hawkeye who was too much occupied with his own thoughts to note the movement continued speaking more to himself than to his companion|but hawkeye who was too much occupied with his own thoughts to note the movement continued speaking more to himself than to his companion|0|0|24|24|4.474|4.351|1.287|1.372|0.903|0.902|2.05|2.015|0.0
DiT_Anechoic_LibSp_conditional-masked-melspec_w-masked-pix=1/dit-net_dim768_depth18_heads12_dim-head64_dropout0.1_ff_mult2_T400_betaT0.02/repeat_all_freq-length=30_skip=75_cp=112000_mel_text=False_phoneme-without-space_g2p-no-nn_lm-weight=0p5_ctc-weight=0p1_bs=80/w1=1_w2=0.5_asr_start=320_mask=True/sample_500|15.0|6|40|the fancies of the neo platonists are only interesting to us because they exhibit a phase of the human mind which prevailed widely in the 1st centuries of the christian era and is not wholly extinct in our own day|the fantasies of the neoplianists are really interesting to us because they exhibit a phase of the human mind which has prevailed widely in the 1st centuries of the christian era and is not wholly extinct in its own day|1.4249|2.5748|3.317|2.4407|2.4689|3.1304|2.7458|3.1172|2.692|3.0356|3.7118|4.067|2.5481|2.7747|2.5578|2.8072|3.3788|3.5806|2.8465|3.0515|3.5242|3.6037|2.7579|2.9516|3.8755|4.032|2.5348|2.7264|2.6058|2.7463|3.4747|3.5621|2.8312|2.9999|3.491|3.4907|3.058|3.304|6.344|6.265|0.581|0.602|1.186|1.159|5.0|5.0|the fancies of the neo platonists are really interesting to us because they exhibit a phase of the human mind which prevailed widely in the 1st centuries of the christian era and is not only extinct in our own day|the fancies of the neo platonists are really interesting to us because they exhibit a phase of the human mind which prevailed widely in the 1st centuries of the christian era and is not only extinct in our own day|2|2|40|40|3.228|3.337|1.388|1.492|0.82|0.822|1.719|1.73|5.0
DiT_Anechoic_LibSp_conditional-masked-melspec_w-masked-pix=1/dit-net_dim768_depth18_heads12_dim-head64_dropout0.1_ff_mult2_T400_betaT0.02/repeat_all_freq-length=30_skip=75_cp=112000_mel_text=False_phoneme-without-space_g2p-no-nn_lm-weight=0p5_ctc-weight=0p1_bs=80/w1=1_w2=0.5_asr_start=320_mask=True/sample_526|7.3171|3|41|but when it came to be a question of lighting a scattered suburb a group of dwellings on the outskirts a remote country residence or a farm house the alternating current in all elements save its danger was and is ideal|but when it came to be a question of lighting a scattered suburb a group of dwellers on the outskirts a remote country residence or a farmhouse the alternating current in all elements save its danger was and is ideal|2.1475|3.8361|3.9713|4.4337|3.3291|3.529|4.1494|3.69|3.8115|3.9488|4.042|4.1366|4.3082|4.4266|3.3134|3.3955|3.5668|3.6183|4.0902|4.1465|3.9388|4.0729|3.8374|4.0903|4.0881|4.3014|4.2922|4.4157|3.3297|3.476|3.5924|3.7023|4.0831|4.1413|3.9331|4.0254|4.255|4.233|5.903|5.899|0.699|0.706|1.23|1.195|7.317|7.317|but when it came to be a question of fighting a scattered suburb a group of dwellings on the outskirts a remote country residence or a farmhouse the alternating current in all elements save its danger was and is ideal|but when it came to be a question of fighting a scattered suburb a group of dwellings on the outskirts a remote country residence or a farmhouse the alternating current in all elements save its danger was and is ideal|3|3|41|41|4.179|4.158|1.447|1.553|0.883|0.882|1.702|1.703|7.3171
DiT_Anechoic_LibSp_conditional-masked-melspec_w-masked-pix=1/dit-net_dim768_depth18_heads12_dim-head64_dropout0.1_ff_mult2_T400_betaT0.02/repeat_all_freq-length=30_skip=75_cp=112000_mel_text=False_phoneme-without-space_g2p-no-nn_lm-weight=0p5_ctc-weight=0p1_bs=80/w1=1_w2=0.5_asr_start=320_mask=True/sample_1797|6.8966|2|29|it is by no means always reliable almost everybody has at some time experienced the well known illusion that all that is happening now happened before at some time|it is by no means always reliable almost everybody has at some time experienced a well known illusion that all that is happening now has happened before at some time|2.5943|3.2023|3.4443|3.9192|2.9219|3.2117|3.8869|3.7592|3.8051|3.7157|4.0889|3.9202|4.2054|4.2872|3.3107|3.2563|3.5931|3.5004|4.0425|4.0824|4.1393|4.2551|3.7476|3.7721|4.0287|3.9569|4.1784|4.3316|3.2757|3.2908|3.5607|3.5211|4.0274|4.1032|4.1263|4.3136|4.243|4.412|5.255|5.276|0.657|0.683|1.24|1.194|13.793|3.448|it is by no means always reliable almost everybody has at some time experienced a well known illusion that all that is happening now happened before that sometime|it is by no means always reliable almost everybody has at some time experienced a well known illusion that all that is happening now happened before at some time|4|1|29|29|4.112|4.325|1.48|1.564|0.869|0.873|1.92|1.93|3.4483
DiT_Anechoic_LibSp_conditional-masked-melspec_w-masked-pix=1/dit-net_dim768_depth18_heads12_dim-head64_dropout0.1_ff_mult2_T400_betaT0.02/repeat_all_freq-length=30_skip=75_cp=112000_mel_text=False_phoneme-without-space_g2p-no-nn_lm-weight=0p5_ctc-weight=0p1_bs=80/w1=1_w2=0.5_asr_start=320_mask=True/sample_603|19.5122|8|41|the fireball half of it white half azure blue and the size of a 10 inch shell moved slowly about the raft but revolving on its own axis with astonishing velocity as if whipped round by the force of the whirlwind|the fire broke half of it washed half azure blue and the size of a 10 inch shell slowly about the right shaft but revolving on its own axis with a stretching velocity as if whipped round by the force of the whirlwind|1.9875|2.9332|3.2601|3.377|2.7344|3.0916|3.5304|3.5878|3.4387|3.4509|3.8072|3.8275|3.8945|3.8559|3.0783|3.0883|3.4336|3.4465|3.8669|3.8484|4.0822|4.0653|3.459|3.5432|3.8504|3.9192|3.8238|3.9328|3.0923|3.1476|3.4594|3.499|3.8243|3.8933|4.0192|4.0745|3.737|3.928|6.143|6.188|0.615|0.628|1.239|1.2|2.439|7.317|the fireball half of it white half azure blue and the size of a 10 inch shell moved slowly about the raft but revolving on its own axis with astonishing velocity as if whipped down by the force of the whirlwind|the fireball half of it white half azure blue and the size of a 10 inch shell moved slowly about the raft but were evolving on its own axis with astonishing velocity as if whipped down by the force of the whirlwind|1|3|41|41|3.795|3.924|1.338|1.426|0.871|0.867|1.907|1.857|2.439
DiT_Anechoic_LibSp_conditional-masked-melspec_w-masked-pix=1/dit-net_dim768_depth18_heads12_dim-head64_dropout0.1_ff_mult2_T400_betaT0.02/repeat_all_freq-length=30_skip=75_cp=112000_mel_text=False_phoneme-without-space_g2p-no-nn_lm-weight=0p5_ctc-weight=0p1_bs=80/w1=1_w2=0.5_asr_start=320_mask=True/sample_1425|13.8889|5|36|it was a look so intelligent yet inexplicable perverse sometimes so malicious but generally accompanied by a wild flow of spirits that hester could not help questioning at such moments whether pearl was a human child|it was like so intelligent yet inexpectable perverse sometimes so malicious generally accompanied by a wild flow of spirits that hester could not help question at such moments whether pearl was a human child|2.152|3.0719|3.6793|3.2341|2.8322|3.3597|3.4243|3.1583|2.7375|2.9408|4.0765|4.0558|2.3904|2.6669|2.5911|2.7398|3.5861|3.5749|2.6943|2.9538|3.6178|3.4961|2.6498|2.8765|4.0544|4.0078|2.2658|2.5679|2.5256|2.6932|3.5744|3.5485|2.5706|2.8637|3.7181|3.6537|3.382|3.381|6.967|7.006|0.664|0.691|1.242|1.189|11.111|13.889|it was thick so intelligently yet inexplicable perverse sometimes so malicious and generally accompanied by a wild flow of spirits that hester could not help questioning at such moments whether pearl was a human child|it was jigsaw and telling yet inexplicable perverse sometimes so malicious and generally accompanied by a wild flow of spirits that hester could not help questioning at such moments whether pearl was a human child|4|5|36|36|3.433|3.47|1.468|1.538|0.845|0.845|1.581|1.567|16.6667
DiT_Anechoic_LibSp_conditional-masked-melspec_w-masked-pix=1/dit-net_dim768_depth18_heads12_dim-head64_dropout0.1_ff_mult2_T400_betaT0.02/repeat_all_freq-length=30_skip=75_cp=112000_mel_text=False_phoneme-without-space_g2p-no-nn_lm-weight=0p5_ctc-weight=0p1_bs=80/w1=1_w2=0.5_asr_start=320_mask=True/sample_1061|16.3265|7|49|he had no friend wise enough to tell him to step into the dorking convention then in session make a sketch of the men and women on the platform and take it to the editor of the daily grapevine and see what he could get a line for it|he had no friend wiser to tell him to step into the dorking kitchen in session make a sketch of the men and women in the platform and take it to the editor of the daily good design and see if he could get a line for it|1.3649|3.2044|3.3412|4.1839|2.9244|3.1454|4.0305|3.0181|3.5806|3.597|3.7414|3.7305|4.3131|4.4145|3.1714|3.1826|3.3961|3.3906|4.0926|4.1409|3.3121|3.3887|3.7583|3.5852|3.963|3.766|4.292|4.2211|3.2808|3.1746|3.5232|3.4112|4.0813|4.0493|3.5746|3.4976|2.546|2.573|5.769|5.798|0.642|0.657|1.428|1.431|16.326|14.286|he had no friend wise enough to tell him to send it into the dorking engine she did not session make a sketch of the men and women of the platform and take it to the editor of the daily grapevine and see if he could get a line for it|he had no friend wise enough to tell him to send it into the dorking inc session make a sketch of the men and women of the platform and take it to the editor of the daily grapevine and see if he could get a line for it|7|7|49|49|2.592|2.598|1.913|2.038|0.837|0.836|1.705|1.716|10.2041
DiT_Anechoic_LibSp_conditional-masked-melspec_w-masked-pix=1/dit-net_dim768_depth18_heads12_dim-head64_dropout0.1_ff_mult2_T400_betaT0.02/repeat_all_freq-length=30_skip=75_cp=112000_mel_text=False_phoneme-without-space_g2p-no-nn_lm-weight=0p5_ctc-weight=0p1_bs=80/w1=1_w2=0.5_asr_start=320_mask=True/sample_1002|5.7143|2|35|one of his militia generals suggested that the governor should require the outlaws at lawrence and elsewhere to surrender the sharps rifles another wrote asking him to call out the government troops at fort leavenworth|one of his militia generals suggested that the governor would require the outlaws at lawrence and elswhere to surrender the sharps rifles another wrote asking him to call out the government troops at fort leavenworth|2.9649|3.4878|3.6814|4.1703|3.1125|3.3607|4.0237|3.7454|3.6378|3.8249|3.9905|4.0693|4.0277|4.282|3.208|3.3226|3.5397|3.5826|3.947|4.0798|4.0943|4.1396|3.6484|3.9142|3.9177|4.1152|4.1634|4.3792|3.2148|3.3752|3.4992|3.607|4.0206|4.1251|3.9903|4.0124|4.2|4.383|5.792|5.795|0.662|0.67|1.251|1.201|11.429|11.429|one of his militia generals suggested that the governor would require the outlaws at florence and elsewhere to surrender the sharps rifles the other wrote asking him to call out the government troops at fort leavenworth|one of his militia generals suggested that the governor would require the outlaws at florence and elsewhere to surrender the sharps rifles the other wrote asking him to call out the government troops at fort leavenworth|4|4|35|35|4.254|4.272|1.674|1.769|0.864|0.86|1.828|1.808|17.1429
DiT_Anechoic_LibSp_conditional-masked-melspec_w-masked-pix=1/dit-net_dim768_depth18_heads12_dim-head64_dropout0.1_ff_mult2_T400_betaT0.02/repeat_all_freq-length=30_skip=75_cp=112000_mel_text=False_phoneme-without-space_g2p-no-nn_lm-weight=0p5_ctc-weight=0p1_bs=80/w1=1_w2=0.5_asr_start=320_mask=True/sample_312|19.2308|5|26|she succeeded in opening the window and the moonlight shone in so brightly that she could distinguish the color of some damask hangings in the room|she succeeded in opening the window and the moon shone in so brightly that she could not distinguish the color of some dam head hanging in the room|2.5701|3.4546|3.8119|3.916|3.0907|3.438|3.8794|3.7966|3.9753|3.8911|4.2464|4.1588|4.3592|4.2809|3.411|3.3618|3.6752|3.63|4.1165|4.0788|4.2029|4.2053|3.656|3.6805|4.1423|4.0758|3.8091|3.8879|3.2195|3.2349|3.6215|3.5861|3.8212|3.8694|4.2054|4.1752|4.675|4.537|5.751|5.901|0.639|0.662|1.252|1.183|11.539|11.539|she succeeded in opening the window and the moon was shone in so brightly that she could distinguish the color of some damask hanging in the room|she succeeded in opening the window and the moon was shone in so brightly that she could distinguish the color of some damask hanging in the room|3|3|26|26|4.766|4.648|1.936|1.969|0.831|0.828|1.605|1.544|19.2308
DiT_Anechoic_LibSp_conditional-masked-melspec_w-masked-pix=1/dit-net_dim768_depth18_heads12_dim-head64_dropout0.1_ff_mult2_T400_betaT0.02/repeat_all_freq-length=30_skip=75_cp=112000_mel_text=False_phoneme-without-space_g2p-no-nn_lm-weight=0p5_ctc-weight=0p1_bs=80/w1=1_w2=0.5_asr_start=320_mask=True/sample_275|30.7692|12|39|every line in which the master traces it even where seemingly negligent is lovely and set down with a meditative calmness which makes these 2 etchings capable of being placed beside the most tranquil work of holbein or duerer|every sign in which the mass traces it even where seemingly negligent is lovely and shut down with a meta dive of calmness which makes these teachings capable of being placed beside the tranquil work of a turbine or durer|2.3803|3.4012|3.6649|3.9192|3.0564|3.3508|3.8864|3.7483|3.916|4.0555|4.1852|4.2758|4.3306|4.4464|3.3766|3.4567|3.6437|3.6899|4.1029|4.1552|4.1046|4.0824|4.016|4.0669|4.2537|4.2772|4.4006|4.4625|3.4344|3.4632|3.6787|3.6907|4.1353|4.1622|4.1342|4.1265|4.233|4.373|5.59|5.567|0.699|0.714|1.299|1.249|12.82|12.82|every line in which the master traces it even where seamlessly negligent is lovely and set down with a meditative calmness which makes these teachings capable of being placed beside the most tranquil work of kobine or dura|every line in which the master traces it even where seamlessly negligent is lovely and set down with a meditative calmness which makes these teachings capable of being placed beside the most tranquil work of kobine or dure|5|5|39|39|4.33|4.31|1.265|1.377|0.873|0.86|1.939|2.085|15.3846
DiT_Anechoic_LibSp_conditional-masked-melspec_w-masked-pix=1/dit-net_dim768_depth18_heads12_dim-head64_dropout0.1_ff_mult2_T400_betaT0.02/repeat_all_freq-length=30_skip=75_cp=112000_mel_text=False_phoneme-without-space_g2p-no-nn_lm-weight=0p5_ctc-weight=0p1_bs=80/w1=1_w2=0.5_asr_start=320_mask=True/sample_847|31.25|5|16|quick quick then among the high reed grass said montalais stoop athenais you are so tall|quick quick then among the high read greste antolae stoop athenae you are so tall|1.6299|3.4989|3.6903|4.2059|3.1205|3.3668|4.0422|3.6674|3.7921|3.7604|4.1234|4.0066|4.1139|4.269|3.3029|3.2838|3.6113|3.5486|3.9952|4.0737|4.0422|4.2297|3.6532|3.8066|4.0039|4.0268|4.0027|4.34|3.218|3.3117|3.5471|3.5597|3.9351|4.1076|3.9541|4.0677|3.154|3.513|6.431|6.44|0.62|0.624|1.291|1.209|18.75|18.75|quick quick then among the high reed grass of montelay stoop athenae you are so tall|quick quick then among the high reed grass of montelay stoop athenae you are so tall|3|3|16|16|3.176|3.396|1.51|1.564|0.832|0.83|1.837|1.589|18.75
DiT_Anechoic_LibSp_conditional-masked-melspec_w-masked-pix=1/dit-net_dim768_depth18_heads12_dim-head64_dropout0.1_ff_mult2_T400_betaT0.02/repeat_all_freq-length=30_skip=75_cp=112000_mel_text=False_phoneme-without-space_g2p-no-nn_lm-weight=0p5_ctc-weight=0p1_bs=80/w1=1_w2=0.5_asr_start=320_mask=True/sample_833|28.5714|6|21|to say nothing said montalais so that when mademoiselle de tonnay charente thinks athenais is the only one who knows it|to say nothing said montelay so that when marcel dittone cheraud thinks montelay is the only one who knows it|2.7023|3.7986|3.9934|4.2778|3.3062|3.5409|4.0753|3.73|3.7819|4.0714|4.0642|4.2872|4.1732|4.4282|3.2968|3.4659|3.5799|3.6958|4.0259|4.1476|4.0409|4.1121|3.7568|4.0427|4.0174|4.2225|4.2001|4.4417|3.2816|3.4496|3.5545|3.663|4.0396|4.1536|4.1042|4.1201|3.976|4.29|5.671|5.675|0.751|0.772|1.411|1.344|28.571|23.809|to say nothing said montellet so that when monsieur adele de tourne sherlock thinks montellet is the only one who knows it|to say nothing said montellet so that when marcel de tournay sherlock thinks montellet is the only one who knows it|6|5|21|21|3.801|4.141|1.419|1.497|0.882|0.881|1.909|1.919|23.8095
DiT_Anechoic_LibSp_conditional-masked-melspec_w-masked-pix=1/dit-net_dim768_depth18_heads12_dim-head64_dropout0.1_ff_mult2_T400_betaT0.02/repeat_all_freq-length=30_skip=75_cp=112000_mel_text=False_phoneme-without-space_g2p-no-nn_lm-weight=0p5_ctc-weight=0p1_bs=80/w1=1_w2=0.5_asr_start=320_mask=True/sample_2061|16.6667|4|24|the princess sat down under a blue canopy with bouquets of roses and she let anders sit in a golden chair by her side|the prince sat down on blue canopy with bouquets of roses she let anders sit in a golden chair by her side|1.9045|3.7715|3.9602|4.4409|3.2905|3.523|4.1531|3.589|3.7172|3.889|3.9561|4.0967|4.2592|4.4405|3.2574|3.3606|3.5207|3.5972|4.0689|4.1531|4.1664|4.0781|3.6005|3.8202|3.8403|4.0213|4.2205|4.4215|3.1851|3.3198|3.4552|3.5566|4.0498|4.1446|4.0208|3.9529|4.416|4.257|5.664|5.635|0.619|0.631|1.256|1.198|4.167|4.167|the princess sat down under the blue canopy with bouquets of roses and she let anders sit in a golden chair by her side|the princess sat down under the blue canopy with bouquets of roses and she let anders sit in a golden chair by her side|1|1|24|24|3.887|3.843|1.386|1.448|0.83|0.833|1.654|1.713|4.1667
DiT_Anechoic_LibSp_conditional-masked-melspec_w-masked-pix=1/dit-net_dim768_depth18_heads12_dim-head64_dropout0.1_ff_mult2_T400_betaT0.02/repeat_all_freq-length=30_skip=75_cp=112000_mel_text=False_phoneme-without-space_g2p-no-nn_lm-weight=0p5_ctc-weight=0p1_bs=80/w1=1_w2=0.5_asr_start=320_mask=True/sample_5|33.3333|10|30|a stage meal is popular because it proves to the audience that the actors even when called charles hawtrey or owen nares are real people just like you and me|a stage music video is popular because it is true to the audience of actors even when called charmed poultry or when nares or real people just like you and me|2.4862|3.7923|3.9786|4.3652|3.3031|3.5332|4.1193|3.9283|4.0153|4.0478|4.2227|4.2|4.3632|4.5187|3.434|3.4526|3.6631|3.6515|4.1184|4.1867|4.3311|4.1324|3.9804|4.0049|4.2029|4.1746|4.3477|4.4467|3.414|3.4281|3.653|3.6384|4.1112|4.1559|4.2311|4.1451|4.286|4.179|5.726|5.695|0.692|0.718|1.306|1.268|40.0|40.0|a stage media was popular because it proved to the audience of actors yet someone called charlotte hultry or gwen nairs or real people just like you and me|a stage media was popular because it proved to the audience sub actors yet someone called charlotte holtrey or gwen nairs or real people just like you and me|12|12|30|30|3.938|4.033|1.478|1.506|0.856|0.861|1.659|1.672|36.6667
DiT_Anechoic_LibSp_conditional-masked-melspec_w-masked-pix=1/dit-net_dim768_depth18_heads12_dim-head64_dropout0.1_ff_mult2_T400_betaT0.02/repeat_all_freq-length=30_skip=75_cp=112000_mel_text=False_phoneme-without-space_g2p-no-nn_lm-weight=0p5_ctc-weight=0p1_bs=80/w1=1_w2=0.5_asr_start=320_mask=True/sample_1784|13.6364|3|22|i come now to the other characteristic which memory images must have in order to account for our knowledge of the past|i can now go to the other characteristic which memory images must have in order to account for knowledge of the past|2.7376|3.3948|3.5853|4.1231|3.0529|3.3028|3.9991|3.9092|3.8281|3.8047|4.1214|4.1122|4.1805|4.1147|3.3243|3.3105|3.6104|3.6055|4.0287|3.9956|4.007|4.0911|3.9396|3.9875|4.1653|4.206|4.3389|4.3759|3.3901|3.4181|3.6333|3.6546|4.1069|4.124|4.0937|4.0894|4.227|4.395|5.451|5.483|0.701|0.722|1.266|1.197|4.545|0.0|i come now to the other characteristic which memory images must have in order to account for knowledge of the past|i come now to the other characteristic which memory images must have in order to account for our knowledge of the past|1|0|22|22|4.433|4.47|1.341|1.425|0.905|0.894|1.891|1.905|0.0
DiT_Anechoic_LibSp_conditional-masked-melspec_w-masked-pix=1/dit-net_dim768_depth18_heads12_dim-head64_dropout0.1_ff_mult2_T400_betaT0.02/repeat_all_freq-length=30_skip=75_cp=112000_mel_text=False_phoneme-without-space_g2p-no-nn_lm-weight=0p5_ctc-weight=0p1_bs=80/w1=1_w2=0.5_asr_start=320_mask=True/sample_494|17.6471|3|17|the ideas also remain but they have become types in nature forms of men animals birds fishes|the ideas also remain but have become tied in nature forms of human animals birds fishes|2.0254|2.9063|3.4936|3.0314|2.7151|3.2453|3.2623|3.3559|3.4218|3.2783|4.2698|3.9958|3.2425|3.2504|3.0705|2.9755|3.687|3.5426|3.4363|3.4413|3.9157|3.7808|3.3005|3.253|4.1374|3.9958|3.1863|3.1979|2.9903|2.9583|3.6187|3.5427|3.3935|3.4015|3.763|3.87|3.755|3.739|5.912|5.891|0.667|0.686|1.388|1.304|0.0|0.0|the ideas also remain but they have become types in nature forms of men animals birds fishes|the ideas also remain but they have become types in nature forms of men animals birds fishes|0|0|17|17|3.842|3.676|1.234|1.348|0.874|0.871|2.137|2.002|0.0
DiT_Anechoic_LibSp_conditional-masked-melspec_w-masked-pix=1/dit-net_dim768_depth18_heads12_dim-head64_dropout0.1_ff_mult2_T400_betaT0.02/repeat_all_freq-length=30_skip=75_cp=112000_mel_text=False_phoneme-without-space_g2p-no-nn_lm-weight=0p5_ctc-weight=0p1_bs=80/w1=1_w2=0.5_asr_start=320_mask=True/sample_2410|42.8571|12|28|then i long tried by natural ills received the comfort fast while budding at thy sight my pilgrim is staff gave out green leaves with morning dews impearled|then i long trite by naturals received the comfort fest where budding with thy sight pilgrims stiff gave out green leaves morning dews imperiled|1.7826|3.5642|3.8064|4.2126|3.1617|3.4352|4.0447|3.303|3.8471|3.7141|4.1982|4.0436|4.1088|4.0919|3.3359|3.2554|3.6505|3.5685|3.9913|3.9832|3.685|3.791|3.7577|3.6148|4.119|4.0059|4.0779|3.9033|3.2818|3.1929|3.609|3.5468|3.973|3.8751|3.8194|3.8816|3.464|3.674|6.29|6.302|0.569|0.589|1.286|1.236|35.714|50.0|then our long tried by natural souls received the comfort from us while budding that thy sight of the pilgrim is staff gave out great leaves to morning dews imperiled|that our long tried by natural souls receiv would the comfort from us while budding that thy sight of the pilgrim is staff gave out great leaves the morning dews imperil would|10|14|28|28|3.499|3.785|1.534|1.592|0.821|0.82|1.74|1.773|42.8571
DiT_Anechoic_LibSp_conditional-masked-melspec_w-masked-pix=1/dit-net_dim768_depth18_heads12_dim-head64_dropout0.1_ff_mult2_T400_betaT0.02/repeat_all_freq-length=30_skip=75_cp=112000_mel_text=False_phoneme-without-space_g2p-no-nn_lm-weight=0p5_ctc-weight=0p1_bs=80/w1=1_w2=0.5_asr_start=320_mask=True/sample_2096|12.1212|4|33|before any could stop him he butted his majesty so furiously that the king soared far into the air and tumbled in a heap among the benches where he lay moaning and groaning|before any one stop him he butted his majesty so furiously that the king soared from the air and tumbled in a heap through the benches where he lay moaning and groaning|2.5717|2.8967|3.5171|3.0938|2.7095|3.2603|3.3221|3.6413|3.9016|3.7616|4.1212|4.0538|4.3465|4.1402|3.3681|3.2845|3.6104|3.5743|4.1106|4.0092|3.9273|3.9691|3.5791|3.4781|3.9236|3.7798|3.9815|3.9919|3.1716|3.1072|3.5026|3.4201|3.9235|3.9293|3.8474|4.0115|4.322|3.823|5.422|5.372|0.702|0.718|1.424|1.334|18.182|15.152|before any one could stop him he butted his majesty so furiously that the king is sword fell into the air and tumbled in a heap along the benches for he lay moaning and groaning|before any one could stop him he butted his majesty so furiously that the king is sword fell into the air and tumbled in a heap along the benches where he lay moaning and groaning|6|5|33|33|3.77|3.584|1.383|1.467|0.866|0.866|1.895|1.892|15.1515
DiT_Anechoic_LibSp_conditional-masked-melspec_w-masked-pix=1/dit-net_dim768_depth18_heads12_dim-head64_dropout0.1_ff_mult2_T400_betaT0.02/repeat_all_freq-length=30_skip=75_cp=112000_mel_text=False_phoneme-without-space_g2p-no-nn_lm-weight=0p5_ctc-weight=0p1_bs=80/w1=1_w2=0.5_asr_start=320_mask=True/sample_1864|21.0526|4|19|he detested the grasping disposition that would endeavor to take advantage of his evident desire to help young gates|he detests grasping dispassion that will endeavor to take advantage of his evident desire to help young gates|2.1179|3.2611|3.4675|3.9173|2.963|3.2273|3.8856|3.3944|3.3363|3.5798|3.6714|3.8967|3.808|4.03|3.0143|3.172|3.3554|3.4874|3.8221|3.9502|3.9705|3.9093|3.4222|3.7554|3.7812|4.0599|3.8366|4.1532|3.0708|3.28|3.4207|3.5771|3.8388|4.0142|4.0117|3.9322|3.585|3.336|6.837|6.921|0.622|0.64|1.298|1.18|5.263|5.263|he detested a grasping disposition that would endeavor to take advantage of his evident desire to help young gates|he detested a grasping disposition that would endeavor to take advantage of his evident desire to help young gates|1|1|19|19|3.506|3.281|1.385|1.496|0.856|0.853|1.657|1.635|5.2632
DiT_Anechoic_LibSp_conditional-masked-melspec_w-masked-pix=1/dit-net_dim768_depth18_heads12_dim-head64_dropout0.1_ff_mult2_T400_betaT0.02/repeat_all_freq-length=30_skip=75_cp=112000_mel_text=False_phoneme-without-space_g2p-no-nn_lm-weight=0p5_ctc-weight=0p1_bs=80/w1=1_w2=0.5_asr_start=320_mask=True/sample_2401|44.0|11|25|lives not alone nor or itself fear not and i will call the weak worm from its lowly bed and thou shalt hear its voice|lives not of my own nor of my own self fear not i will call the weak worm from its loy would bed and now shalt hear its voice|2.1419|3.2887|3.6737|3.6855|2.9827|3.357|3.746|3.3332|3.7975|3.6885|4.1351|4.0927|4.1762|4.0235|3.3062|3.2398|3.6177|3.5952|4.0277|3.9469|3.7742|3.9285|3.7534|3.6412|4.1007|4.1571|4.1047|3.7901|3.2796|3.2106|3.5995|3.6292|3.9906|3.8114|3.7216|3.849|3.059|3.366|5.342|5.329|0.74|0.752|1.342|1.267|12.0|32.0|lives not alone nor of itself fear not and i will call the weak worm from its lovely bed and now shalt hear its voice|fear not and i will call the weak worm from its lovely bed and now shalt hear its voice|3|8|25|25|2.979|3.399|1.41|1.511|0.878|0.882|2.068|2.062|12.0
DiT_Anechoic_LibSp_conditional-masked-melspec_w-masked-pix=1/dit-net_dim768_depth18_heads12_dim-head64_dropout0.1_ff_mult2_T400_betaT0.02/repeat_all_freq-length=30_skip=75_cp=112000_mel_text=False_phoneme-without-space_g2p-no-nn_lm-weight=0p5_ctc-weight=0p1_bs=80/w1=1_w2=0.5_asr_start=320_mask=True/sample_2423|48.6486|18|37|0 little cloud the virgin said i charge thee to tell me why thou complainest now when in one hour thou fade away then we shall seek thee but not find ah thel is like to thee|i charge thee tell me when thou complainest thou when in one hour thou find thy way then we shall fuck thee but not find for the law fell as like to thee|2.0695|3.0848|3.5152|3.4875|2.8427|3.2584|3.6062|3.3763|3.6546|3.7839|4.0669|4.1268|3.9402|4.1014|3.2186|3.2973|3.5811|3.6126|3.8993|3.9877|3.953|4.001|3.7011|3.7272|4.1237|4.102|3.919|4.0608|3.2472|3.2635|3.6113|3.5997|3.8846|3.9654|3.9402|3.7557|4.112|4.197|5.947|5.874|0.695|0.709|1.249|1.255|21.622|32.432|alleful cloud the virgin said i charge thee to tell me why thou complainest thou when in one hour thou fall away then we shall seek thee but not mine i bawth thou is like to thee|i will lift the cloud the virgin said i charge thee to tell me why thou complainest is thou when in one hour thou fall away then we shall seek thee but not mine i baha fell as like to thee|8|12|37|37|4.0|4.02|1.583|1.656|0.858|0.858|1.858|1.833|21.6216
DiT_Anechoic_LibSp_conditional-masked-melspec_w-masked-pix=1/dit-net_dim768_depth18_heads12_dim-head64_dropout0.1_ff_mult2_T400_betaT0.02/repeat_all_freq-length=30_skip=75_cp=112000_mel_text=False_phoneme-without-space_g2p-no-nn_lm-weight=0p5_ctc-weight=0p1_bs=80/w1=1_w2=0.5_asr_start=320_mask=True/sample_208|33.3333|9|27|why do they not invade the catholic provinces and preach their doctrine to godless princes bishops and doctors as we have done by the help of god|why did god invade the catholic provinces and preach his doctrine to god like princes bishops and doctors as we have done to help with god|2.118|3.4847|3.822|3.7274|3.1113|3.4445|3.7715|3.5275|3.4027|3.7871|4.1023|4.1973|3.3378|3.9747|3.0581|3.2999|3.6001|3.65|3.5063|3.9195|3.8814|3.7814|3.4873|3.7196|4.1135|4.117|3.4924|3.9642|3.1128|3.2589|3.6063|3.608|3.6151|3.9135|3.9394|3.9177|3.423|3.384|6.426|6.459|0.634|0.67|1.247|1.162|25.926|22.222|widely not invade the catholic provinces and preach the doctrine to godly provinces bishops and doctors as we have done with the help of god|widely not invade the catholic provinces and preach the doctrine to godly princes bishops and doctors as we have done with the help of god|7|6|27|27|3.45|3.656|1.317|1.399|0.873|0.872|1.749|1.75|14.8148
DiT_Anechoic_LibSp_conditional-masked-melspec_w-masked-pix=1/dit-net_dim768_depth18_heads12_dim-head64_dropout0.1_ff_mult2_T400_betaT0.02/repeat_all_freq-length=30_skip=75_cp=112000_mel_text=False_phoneme-without-space_g2p-no-nn_lm-weight=0p5_ctc-weight=0p1_bs=80/w1=1_w2=0.5_asr_start=320_mask=True/sample_180|13.7931|4|29|that christ is very god is apparent in that paul ascribes to him divine powers equally with the father as for instance the power to dispense grace and peace|that christ his very god is apparent that paul ascribes him divine power equally with the father as for instance the power to dispense grace and peace|2.465|3.191|3.4786|3.6725|2.9165|3.2359|3.7377|3.39|3.7639|3.767|4.2702|4.2513|3.9328|3.8418|3.2859|3.2878|3.6872|3.6777|3.8959|3.8426|3.7364|3.7546|3.7795|3.7888|4.1568|4.203|4.1131|3.9422|3.2954|3.301|3.6291|3.653|3.9951|3.9013|3.7234|3.7162|3.777|3.845|6.005|6.036|0.688|0.725|1.301|1.239|10.345|10.345|that christ is very god is a parent that paul ascribes to him divine power equally with the father as for instance the power to dispense grace and peace|that christ is very god is a parent that paul ascribes to him divine power equally with the father as for instance the power to dispense grace and peace|3|3|29|29|3.682|3.712|1.574|1.635|0.87|0.874|1.732|1.778|6.8966
DiT_Anechoic_LibSp_conditional-masked-melspec_w-masked-pix=1/dit-net_dim768_depth18_heads12_dim-head64_dropout0.1_ff_mult2_T400_betaT0.02/repeat_all_freq-length=30_skip=75_cp=112000_mel_text=False_phoneme-without-space_g2p-no-nn_lm-weight=0p5_ctc-weight=0p1_bs=80/w1=1_w2=0.5_asr_start=320_mask=True/sample_2035|5.8824|1|17|for like as not they must have thought him a prince when they saw his fine cap|for like as not they must have thought him a princess when they saw his fine cap|2.5016|3.5148|3.701|4.2876|3.1298|3.3725|4.0813|3.6725|3.9126|3.8197|4.1098|4.0287|4.4271|4.4121|3.3746|3.3195|3.6043|3.5606|4.1472|4.1405|4.14|4.0584|3.7845|3.7873|4.0302|3.9964|4.3003|4.39|3.2984|3.2998|3.5615|3.5428|4.0889|4.1301|4.1346|4.1098|4.107|3.834|5.113|5.107|0.72|0.733|1.467|1.455|5.882|5.882|for like as knots they must have thought him a prince when they saw his fine cap|for like as knots they must have thought him a prince when they saw his fine cap|1|1|17|17|4.148|4.079|2.03|2.08|0.898|0.895|2.104|2.178|0.0
DiT_Anechoic_LibSp_conditional-masked-melspec_w-masked-pix=1/dit-net_dim768_depth18_heads12_dim-head64_dropout0.1_ff_mult2_T400_betaT0.02/repeat_all_freq-length=30_skip=75_cp=112000_mel_text=False_phoneme-without-space_g2p-no-nn_lm-weight=0p5_ctc-weight=0p1_bs=80/w1=1_w2=0.5_asr_start=320_mask=True/sample_1083|6.8966|2|29|ruth was glad to hear that philip had made a push into the world and she was sure that his talent and courage would make a way for him|ruth was glad to hear that philip had made a decision to the world and she was sure that his talent and courage would make a way for him|2.175|3.4795|3.5718|4.3176|3.1081|3.2945|4.097|3.3048|3.3504|3.601|3.597|3.8287|4.0742|4.204|3.0236|3.185|3.3097|3.4478|3.9739|4.0417|4.0129|3.8437|3.7287|3.8525|3.9238|4.0545|4.3898|4.3975|3.2642|3.3384|3.5023|3.5738|4.1304|4.1336|3.9427|3.8892|3.506|3.617|5.962|6.011|0.71|0.731|1.414|1.385|10.345|10.345|ruth was glad to hear that phillip had made a connection to the world and she was sure that his talent and courage would make a way for him|ruth was glad to hear that phillip had made a connection to the world and she was sure that his talent and courage would make a way for him|3|3|29|29|3.37|3.513|1.544|1.621|0.885|0.883|1.767|1.845|6.8966
