sample_path|masked_utmos|utmos_bigvgan|utmos_hifi_gan|utmos_init_bigvgan|utmos_init_hifi_gan|mcd_bigvgan|mcd_hifi_gan|masked_mcd_bigvgan|masked_mcd_hifi_gan|masked_logf0rmse_bigvgan|masked_logf0rmse_hifi_gan|logf0rmse_bigvgan|logf0rmse_hifi_gan|speech_bleu_bigvgan|speech_bleu_hifi_gan|masked_speech_bleu_bigvgan|masked_speech_bleu_hifi_gan
DiT_Anechoic_LibSp_conditional-masked-melspec_w-masked-pix=1/dit-net_dim768_depth18_heads12_dim-head64_dropout0.1_ff_mult2_T400_betaT0.02/repeat_all_freq-length=10_skip=25_cp=112000_mel_text=False_phoneme-without-space_g2p-no-nn_lm-weight=0p5_ctc-weight=0p1_bs=80/w1=1_w2=0.5_asr_start=320_mask=True/sample_80|2.8521|2.996|3.5641|3.0097|3.6599|1.2249|1.4742|3.7069|3.7439|0.1971|0.2163|0.2139|0.1232|0.7728|0.712|0.26|0.2995
DiT_Anechoic_LibSp_conditional-masked-melspec_w-masked-pix=1/dit-net_dim768_depth18_heads12_dim-head64_dropout0.1_ff_mult2_T400_betaT0.02/repeat_all_freq-length=10_skip=25_cp=112000_mel_text=False_phoneme-without-space_g2p-no-nn_lm-weight=0p5_ctc-weight=0p1_bs=80/w1=1_w2=0.5_asr_start=320_mask=True/sample_69|2.5721|2.9031|2.9377|3.3855|3.5939|1.5063|1.5938|4.3939|4.2119|0.3461|0.3275|0.1956|0.1007|0.5821|0.5925|0.3507|0.4062
DiT_Anechoic_LibSp_conditional-masked-melspec_w-masked-pix=1/dit-net_dim768_depth18_heads12_dim-head64_dropout0.1_ff_mult2_T400_betaT0.02/repeat_all_freq-length=10_skip=25_cp=112000_mel_text=False_phoneme-without-space_g2p-no-nn_lm-weight=0p5_ctc-weight=0p1_bs=80/w1=1_w2=0.5_asr_start=320_mask=True/sample_317|2.9547|3.0269|3.346|3.3026|3.6024|1.8195|1.7653|3.9719|3.7466|0.2778|0.2892|0.0796|0.119|0.6456|0.6885|0.3051|0.4347
DiT_Anechoic_LibSp_conditional-masked-melspec_w-masked-pix=1/dit-net_dim768_depth18_heads12_dim-head64_dropout0.1_ff_mult2_T400_betaT0.02/repeat_all_freq-length=10_skip=25_cp=112000_mel_text=False_phoneme-without-space_g2p-no-nn_lm-weight=0p5_ctc-weight=0p1_bs=80/w1=1_w2=0.5_asr_start=320_mask=True/sample_1885|2.7586|2.8255|3.1425|3.2515|3.4674|1.5282|1.6359|4.6002|4.4725|0.2588|0.264|0.2755|0.1792|0.6665|0.6805|0.3253|0.4424
DiT_Anechoic_LibSp_conditional-masked-melspec_w-masked-pix=1/dit-net_dim768_depth18_heads12_dim-head64_dropout0.1_ff_mult2_T400_betaT0.02/repeat_all_freq-length=10_skip=25_cp=112000_mel_text=False_phoneme-without-space_g2p-no-nn_lm-weight=0p5_ctc-weight=0p1_bs=80/w1=1_w2=0.5_asr_start=320_mask=True/sample_2162|2.5687|3.097|3.1097|3.4473|3.6428|1.496|1.8495|4.2872|4.377|0.2292|0.4682|0.0828|0.1661|0.6878|0.7087|0.297|0.3721
DiT_Anechoic_LibSp_conditional-masked-melspec_w-masked-pix=1/dit-net_dim768_depth18_heads12_dim-head64_dropout0.1_ff_mult2_T400_betaT0.02/repeat_all_freq-length=10_skip=25_cp=112000_mel_text=False_phoneme-without-space_g2p-no-nn_lm-weight=0p5_ctc-weight=0p1_bs=80/w1=1_w2=0.5_asr_start=320_mask=True/sample_1861|2.8094|2.6044|3.1974|2.9384|3.7765|1.7073|1.8555|4.5169|4.2838|0.4149|0.3496|0.276|0.1926|0.6275|0.6306|0.3353|0.3865
DiT_Anechoic_LibSp_conditional-masked-melspec_w-masked-pix=1/dit-net_dim768_depth18_heads12_dim-head64_dropout0.1_ff_mult2_T400_betaT0.02/repeat_all_freq-length=10_skip=25_cp=112000_mel_text=False_phoneme-without-space_g2p-no-nn_lm-weight=0p5_ctc-weight=0p1_bs=80/w1=1_w2=0.5_asr_start=320_mask=True/sample_1529|3.0671|3.3641|3.7315|3.4775|4.0005|1.5002|1.8045|4.3826|4.4123|0.2344|0.2684|0.2108|0.1662|0.6891|0.6855|0.4482|0.4741
DiT_Anechoic_LibSp_conditional-masked-melspec_w-masked-pix=1/dit-net_dim768_depth18_heads12_dim-head64_dropout0.1_ff_mult2_T400_betaT0.02/repeat_all_freq-length=10_skip=25_cp=112000_mel_text=False_phoneme-without-space_g2p-no-nn_lm-weight=0p5_ctc-weight=0p1_bs=80/w1=1_w2=0.5_asr_start=320_mask=True/sample_1962|2.9132|3.1383|3.1475|3.5785|3.7188|1.2155|1.3353|3.7884|3.6646|0.3203|0.2374|0.1674|0.1024|0.7169|0.6837|0.3168|0.41
DiT_Anechoic_LibSp_conditional-masked-melspec_w-masked-pix=1/dit-net_dim768_depth18_heads12_dim-head64_dropout0.1_ff_mult2_T400_betaT0.02/repeat_all_freq-length=10_skip=25_cp=112000_mel_text=False_phoneme-without-space_g2p-no-nn_lm-weight=0p5_ctc-weight=0p1_bs=80/w1=1_w2=0.5_asr_start=320_mask=True/sample_1816|2.9299|3.2112|3.6087|3.3922|4.1233|1.2319|1.3534|3.6264|3.4973|0.4159|0.2763|0.2209|0.1207|0.5689|0.5802|0.3104|0.3936
DiT_Anechoic_LibSp_conditional-masked-melspec_w-masked-pix=1/dit-net_dim768_depth18_heads12_dim-head64_dropout0.1_ff_mult2_T400_betaT0.02/repeat_all_freq-length=10_skip=25_cp=112000_mel_text=False_phoneme-without-space_g2p-no-nn_lm-weight=0p5_ctc-weight=0p1_bs=80/w1=1_w2=0.5_asr_start=320_mask=True/sample_1809|3.0323|3.3887|3.7984|3.6274|4.0704|1.4205|1.5278|3.7605|3.7119|0.3582|0.2671|0.2378|0.1537|0.7018|0.6825|0.3649|0.3362
DiT_Anechoic_LibSp_conditional-masked-melspec_w-masked-pix=1/dit-net_dim768_depth18_heads12_dim-head64_dropout0.1_ff_mult2_T400_betaT0.02/repeat_all_freq-length=10_skip=25_cp=112000_mel_text=False_phoneme-without-space_g2p-no-nn_lm-weight=0p5_ctc-weight=0p1_bs=80/w1=1_w2=0.5_asr_start=320_mask=True/sample_304|2.5173|3.0102|3.2625|3.4677|3.7928|1.4926|1.6047|3.8503|3.8484|0.2485|0.2249|0.0647|0.095|0.5903|0.611|0.3007|0.3618
DiT_Anechoic_LibSp_conditional-masked-melspec_w-masked-pix=1/dit-net_dim768_depth18_heads12_dim-head64_dropout0.1_ff_mult2_T400_betaT0.02/repeat_all_freq-length=10_skip=25_cp=112000_mel_text=False_phoneme-without-space_g2p-no-nn_lm-weight=0p5_ctc-weight=0p1_bs=80/w1=1_w2=0.5_asr_start=320_mask=True/sample_582|2.757|3.1361|3.5422|3.4728|3.7803|1.4369|1.514|4.1489|4.1444|0.4705|0.309|0.2508|0.2047|0.6231|0.5319|0.3433|0.3616
DiT_Anechoic_LibSp_conditional-masked-melspec_w-masked-pix=1/dit-net_dim768_depth18_heads12_dim-head64_dropout0.1_ff_mult2_T400_betaT0.02/repeat_all_freq-length=10_skip=25_cp=112000_mel_text=False_phoneme-without-space_g2p-no-nn_lm-weight=0p5_ctc-weight=0p1_bs=80/w1=1_w2=0.5_asr_start=320_mask=True/sample_1667|2.5868|2.3034|3.031|2.4902|3.3004|1.4795|1.7073|4.2706|4.1737|0.2365|0.2455|0.202|0.1736|0.6798|0.6479|0.3251|0.388
DiT_Anechoic_LibSp_conditional-masked-melspec_w-masked-pix=1/dit-net_dim768_depth18_heads12_dim-head64_dropout0.1_ff_mult2_T400_betaT0.02/repeat_all_freq-length=10_skip=25_cp=112000_mel_text=False_phoneme-without-space_g2p-no-nn_lm-weight=0p5_ctc-weight=0p1_bs=80/w1=1_w2=0.5_asr_start=320_mask=True/sample_610|3.2163|2.9576|3.3374|3.3303|3.5246|1.4841|1.6163|4.04|3.9689|0.3305|0.3303|0.2129|0.1703|0.675|0.6515|0.374|0.4008
DiT_Anechoic_LibSp_conditional-masked-melspec_w-masked-pix=1/dit-net_dim768_depth18_heads12_dim-head64_dropout0.1_ff_mult2_T400_betaT0.02/repeat_all_freq-length=10_skip=25_cp=112000_mel_text=False_phoneme-without-space_g2p-no-nn_lm-weight=0p5_ctc-weight=0p1_bs=80/w1=1_w2=0.5_asr_start=320_mask=True/sample_504|2.7268|2.6696|3.093|3.1991|3.7977|1.2421|1.4283|4.024|3.947|0.5219|0.3267|0.141|0.1962|0.6445|0.6437|0.3293|0.3086
DiT_Anechoic_LibSp_conditional-masked-melspec_w-masked-pix=1/dit-net_dim768_depth18_heads12_dim-head64_dropout0.1_ff_mult2_T400_betaT0.02/repeat_all_freq-length=10_skip=25_cp=112000_mel_text=False_phoneme-without-space_g2p-no-nn_lm-weight=0p5_ctc-weight=0p1_bs=80/w1=1_w2=0.5_asr_start=320_mask=True/sample_909|2.9857|3.3152|3.5708|3.5531|3.9104|1.3113|1.5003|4.2204|4.1254|0.2415|0.2524|0.238|0.1566|0.7221|0.6579|0.3618|0.4213
DiT_Anechoic_LibSp_conditional-masked-melspec_w-masked-pix=1/dit-net_dim768_depth18_heads12_dim-head64_dropout0.1_ff_mult2_T400_betaT0.02/repeat_all_freq-length=10_skip=25_cp=112000_mel_text=False_phoneme-without-space_g2p-no-nn_lm-weight=0p5_ctc-weight=0p1_bs=80/w1=1_w2=0.5_asr_start=320_mask=True/sample_2265|2.5766|2.2945|2.8039|2.5075|2.8485|1.638|1.6869|4.5533|4.783|0.3968|0.3721|0.2972|0.2661|0.5625|0.5643|0.2535|0.2616
DiT_Anechoic_LibSp_conditional-masked-melspec_w-masked-pix=1/dit-net_dim768_depth18_heads12_dim-head64_dropout0.1_ff_mult2_T400_betaT0.02/repeat_all_freq-length=10_skip=25_cp=112000_mel_text=False_phoneme-without-space_g2p-no-nn_lm-weight=0p5_ctc-weight=0p1_bs=80/w1=1_w2=0.5_asr_start=320_mask=True/sample_1845|2.8421|2.8027|3.2304|3.1379|3.8263|2.0287|1.7935|4.7136|4.7157|0.3013|0.2245|0.1101|0.0997|0.5787|0.5583|0.3321|0.3653
DiT_Anechoic_LibSp_conditional-masked-melspec_w-masked-pix=1/dit-net_dim768_depth18_heads12_dim-head64_dropout0.1_ff_mult2_T400_betaT0.02/repeat_all_freq-length=10_skip=25_cp=112000_mel_text=False_phoneme-without-space_g2p-no-nn_lm-weight=0p5_ctc-weight=0p1_bs=80/w1=1_w2=0.5_asr_start=320_mask=True/sample_19|2.5326|3.1499|3.3603|3.341|3.7948|1.587|1.7228|4.4487|4.2922|0.2556|0.2913|0.1437|0.1187|0.663|0.6485|0.3288|0.3749
DiT_Anechoic_LibSp_conditional-masked-melspec_w-masked-pix=1/dit-net_dim768_depth18_heads12_dim-head64_dropout0.1_ff_mult2_T400_betaT0.02/repeat_all_freq-length=10_skip=25_cp=112000_mel_text=False_phoneme-without-space_g2p-no-nn_lm-weight=0p5_ctc-weight=0p1_bs=80/w1=1_w2=0.5_asr_start=320_mask=True/sample_244|2.6924|2.8493|3.2365|3.3168|3.4531|1.5662|1.6683|4.319|4.5611|0.534|0.4742|0.2605|0.202|0.6561|0.6417|0.3396|0.3785
DiT_Anechoic_LibSp_conditional-masked-melspec_w-masked-pix=1/dit-net_dim768_depth18_heads12_dim-head64_dropout0.1_ff_mult2_T400_betaT0.02/repeat_all_freq-length=10_skip=25_cp=112000_mel_text=False_phoneme-without-space_g2p-no-nn_lm-weight=0p5_ctc-weight=0p1_bs=80/w1=1_w2=0.5_asr_start=320_mask=True/sample_378|2.3569|2.6357|2.8903|3.1943|3.6044|1.5654|1.6582|4.1791|4.0464|0.644|0.5238|0.3219|0.3357|0.6092|0.597|0.3276|0.3438
DiT_Anechoic_LibSp_conditional-masked-melspec_w-masked-pix=1/dit-net_dim768_depth18_heads12_dim-head64_dropout0.1_ff_mult2_T400_betaT0.02/repeat_all_freq-length=10_skip=25_cp=112000_mel_text=False_phoneme-without-space_g2p-no-nn_lm-weight=0p5_ctc-weight=0p1_bs=80/w1=1_w2=0.5_asr_start=320_mask=True/sample_404|2.124|2.0187|2.4695|2.5539|2.6917|1.6245|1.9379|4.4227|4.4106|0.3948|0.3281|0.4538|0.2269|0.6431|0.6611|0.2836|0.3414
DiT_Anechoic_LibSp_conditional-masked-melspec_w-masked-pix=1/dit-net_dim768_depth18_heads12_dim-head64_dropout0.1_ff_mult2_T400_betaT0.02/repeat_all_freq-length=10_skip=25_cp=112000_mel_text=False_phoneme-without-space_g2p-no-nn_lm-weight=0p5_ctc-weight=0p1_bs=80/w1=1_w2=0.5_asr_start=320_mask=True/sample_1697|2.4835|2.3061|2.9252|2.4981|3.2601|1.4509|1.5868|4.4287|4.3823|0.5568|0.3278|0.1632|0.1432|0.5931|0.6596|0.2827|0.3291
DiT_Anechoic_LibSp_conditional-masked-melspec_w-masked-pix=1/dit-net_dim768_depth18_heads12_dim-head64_dropout0.1_ff_mult2_T400_betaT0.02/repeat_all_freq-length=10_skip=25_cp=112000_mel_text=False_phoneme-without-space_g2p-no-nn_lm-weight=0p5_ctc-weight=0p1_bs=80/w1=1_w2=0.5_asr_start=320_mask=True/sample_2068|2.9537|3.138|3.2526|3.2135|3.5473|1.7818|1.7923|4.539|4.2934|0.3732|0.2394|0.2065|0.1483|0.6863|0.6813|0.3723|0.4001
DiT_Anechoic_LibSp_conditional-masked-melspec_w-masked-pix=1/dit-net_dim768_depth18_heads12_dim-head64_dropout0.1_ff_mult2_T400_betaT0.02/repeat_all_freq-length=10_skip=25_cp=112000_mel_text=False_phoneme-without-space_g2p-no-nn_lm-weight=0p5_ctc-weight=0p1_bs=80/w1=1_w2=0.5_asr_start=320_mask=True/sample_915|3.2601|3.5008|3.6173|4.2327|4.3054|1.416|1.6199|4.2584|4.2321|0.3806|0.1947|0.1603|0.0969|0.7029|0.6882|0.3248|0.4153
DiT_Anechoic_LibSp_conditional-masked-melspec_w-masked-pix=1/dit-net_dim768_depth18_heads12_dim-head64_dropout0.1_ff_mult2_T400_betaT0.02/repeat_all_freq-length=10_skip=25_cp=112000_mel_text=False_phoneme-without-space_g2p-no-nn_lm-weight=0p5_ctc-weight=0p1_bs=80/w1=1_w2=0.5_asr_start=320_mask=True/sample_1119|2.8324|2.6546|3.0246|3.063|3.5594|1.4186|1.5073|3.8464|3.7392|0.3747|0.3714|0.2016|0.1958|0.6384|0.5863|0.314|0.3776
DiT_Anechoic_LibSp_conditional-masked-melspec_w-masked-pix=1/dit-net_dim768_depth18_heads12_dim-head64_dropout0.1_ff_mult2_T400_betaT0.02/repeat_all_freq-length=10_skip=25_cp=112000_mel_text=False_phoneme-without-space_g2p-no-nn_lm-weight=0p5_ctc-weight=0p1_bs=80/w1=1_w2=0.5_asr_start=320_mask=True/sample_500|2.1448|2.2698|2.7248|2.7209|3.5104|2.1411|1.6676|4.6414|4.1271|0.2275|0.2367|0.1512|0.263|0.5798|0.5856|0.3041|0.3227
DiT_Anechoic_LibSp_conditional-masked-melspec_w-masked-pix=1/dit-net_dim768_depth18_heads12_dim-head64_dropout0.1_ff_mult2_T400_betaT0.02/repeat_all_freq-length=10_skip=25_cp=112000_mel_text=False_phoneme-without-space_g2p-no-nn_lm-weight=0p5_ctc-weight=0p1_bs=80/w1=1_w2=0.5_asr_start=320_mask=True/sample_526|2.6966|3.1568|3.3675|3.4276|3.7744|1.5606|1.763|4.6774|4.6668|0.4543|0.4207|0.1746|0.136|0.6203|0.6335|0.3225|0.3564
DiT_Anechoic_LibSp_conditional-masked-melspec_w-masked-pix=1/dit-net_dim768_depth18_heads12_dim-head64_dropout0.1_ff_mult2_T400_betaT0.02/repeat_all_freq-length=10_skip=25_cp=112000_mel_text=False_phoneme-without-space_g2p-no-nn_lm-weight=0p5_ctc-weight=0p1_bs=80/w1=1_w2=0.5_asr_start=320_mask=True/sample_1797|3.2121|3.1054|3.451|3.4299|3.624|1.2684|1.3147|3.6785|3.5608|0.4279|0.253|0.2213|0.1274|0.5925|0.6572|0.3439|0.4006
DiT_Anechoic_LibSp_conditional-masked-melspec_w-masked-pix=1/dit-net_dim768_depth18_heads12_dim-head64_dropout0.1_ff_mult2_T400_betaT0.02/repeat_all_freq-length=10_skip=25_cp=112000_mel_text=False_phoneme-without-space_g2p-no-nn_lm-weight=0p5_ctc-weight=0p1_bs=80/w1=1_w2=0.5_asr_start=320_mask=True/sample_603|2.8149|2.9802|2.9125|3.0442|3.4383|1.4727|1.6374|4.3744|4.3976|0.2214|0.2422|0.1989|0.1517|0.6557|0.6376|0.3151|0.3966
DiT_Anechoic_LibSp_conditional-masked-melspec_w-masked-pix=1/dit-net_dim768_depth18_heads12_dim-head64_dropout0.1_ff_mult2_T400_betaT0.02/repeat_all_freq-length=10_skip=25_cp=112000_mel_text=False_phoneme-without-space_g2p-no-nn_lm-weight=0p5_ctc-weight=0p1_bs=80/w1=1_w2=0.5_asr_start=320_mask=True/sample_1425|2.6541|2.9099|3.1543|3.3138|3.3673|1.5888|1.6275|5.0805|5.014|0.4429|0.4732|0.4246|0.2749|0.5764|0.6157|0.3783|0.3954
DiT_Anechoic_LibSp_conditional-masked-melspec_w-masked-pix=1/dit-net_dim768_depth18_heads12_dim-head64_dropout0.1_ff_mult2_T400_betaT0.02/repeat_all_freq-length=10_skip=25_cp=112000_mel_text=False_phoneme-without-space_g2p-no-nn_lm-weight=0p5_ctc-weight=0p1_bs=80/w1=1_w2=0.5_asr_start=320_mask=True/sample_1061|2.3085|2.3886|2.7252|2.7763|3.1457|1.4701|1.5063|3.3476|3.1615|0.4887|0.2957|0.2063|0.154|0.6371|0.6002|0.3195|0.42
DiT_Anechoic_LibSp_conditional-masked-melspec_w-masked-pix=1/dit-net_dim768_depth18_heads12_dim-head64_dropout0.1_ff_mult2_T400_betaT0.02/repeat_all_freq-length=10_skip=25_cp=112000_mel_text=False_phoneme-without-space_g2p-no-nn_lm-weight=0p5_ctc-weight=0p1_bs=80/w1=1_w2=0.5_asr_start=320_mask=True/sample_847|3.4625|3.1107|3.5547|3.46|4.2418|1.3189|1.4972|3.6357|3.6856|0.2996|0.2405|0.1738|0.083|0.5805|0.6857|0.2883|0.395
DiT_Anechoic_LibSp_conditional-masked-melspec_w-masked-pix=1/dit-net_dim768_depth18_heads12_dim-head64_dropout0.1_ff_mult2_T400_betaT0.02/repeat_all_freq-length=10_skip=25_cp=112000_mel_text=False_phoneme-without-space_g2p-no-nn_lm-weight=0p5_ctc-weight=0p1_bs=80/w1=1_w2=0.5_asr_start=320_mask=True/sample_1002|2.8608|3.0251|3.0837|3.4258|3.5236|1.5016|1.4659|3.8191|3.6379|0.1867|0.2367|0.1632|0.18|0.6528|0.6429|0.3552|0.3829
DiT_Anechoic_LibSp_conditional-masked-melspec_w-masked-pix=1/dit-net_dim768_depth18_heads12_dim-head64_dropout0.1_ff_mult2_T400_betaT0.02/repeat_all_freq-length=10_skip=25_cp=112000_mel_text=False_phoneme-without-space_g2p-no-nn_lm-weight=0p5_ctc-weight=0p1_bs=80/w1=1_w2=0.5_asr_start=320_mask=True/sample_312|3.0018|2.9205|3.295|3.4792|3.6942|1.3724|1.5258|4.1485|4.3351|0.1798|0.1816|0.1197|0.098|0.6296|0.6283|0.319|0.3578
DiT_Anechoic_LibSp_conditional-masked-melspec_w-masked-pix=1/dit-net_dim768_depth18_heads12_dim-head64_dropout0.1_ff_mult2_T400_betaT0.02/repeat_all_freq-length=10_skip=25_cp=112000_mel_text=False_phoneme-without-space_g2p-no-nn_lm-weight=0p5_ctc-weight=0p1_bs=80/w1=1_w2=0.5_asr_start=320_mask=True/sample_275|2.5242|3.1134|3.2776|3.4106|3.8703|1.2511|1.4027|4.1162|4.1498|0.3691|0.3783|0.2188|0.1501|0.662|0.649|0.3298|0.3788
DiT_Anechoic_LibSp_conditional-masked-melspec_w-masked-pix=1/dit-net_dim768_depth18_heads12_dim-head64_dropout0.1_ff_mult2_T400_betaT0.02/repeat_all_freq-length=10_skip=25_cp=112000_mel_text=False_phoneme-without-space_g2p-no-nn_lm-weight=0p5_ctc-weight=0p1_bs=80/w1=1_w2=0.5_asr_start=320_mask=True/sample_833|2.8241|2.8888|3.7249|3.1469|4.1072|1.2847|1.4115|4.2381|4.1514|0.4804|0.2934|0.2783|0.1627|0.6397|0.6485|0.3363|0.4112
DiT_Anechoic_LibSp_conditional-masked-melspec_w-masked-pix=1/dit-net_dim768_depth18_heads12_dim-head64_dropout0.1_ff_mult2_T400_betaT0.02/repeat_all_freq-length=10_skip=25_cp=112000_mel_text=False_phoneme-without-space_g2p-no-nn_lm-weight=0p5_ctc-weight=0p1_bs=80/w1=1_w2=0.5_asr_start=320_mask=True/sample_2061|2.3793|3.501|3.4742|3.8522|3.7997|1.5313|1.8858|3.7524|3.6682|0.3456|0.3315|0.19|0.1717|0.6546|0.6341|0.3695|0.3676
DiT_Anechoic_LibSp_conditional-masked-melspec_w-masked-pix=1/dit-net_dim768_depth18_heads12_dim-head64_dropout0.1_ff_mult2_T400_betaT0.02/repeat_all_freq-length=10_skip=25_cp=112000_mel_text=False_phoneme-without-space_g2p-no-nn_lm-weight=0p5_ctc-weight=0p1_bs=80/w1=1_w2=0.5_asr_start=320_mask=True/sample_1784|2.9062|3.1356|3.2963|3.5463|3.9165|1.5685|1.7335|4.0072|3.8477|0.3452|0.2339|0.2382|0.1667|0.6053|0.5627|0.3289|0.4095
DiT_Anechoic_LibSp_conditional-masked-melspec_w-masked-pix=1/dit-net_dim768_depth18_heads12_dim-head64_dropout0.1_ff_mult2_T400_betaT0.02/repeat_all_freq-length=10_skip=25_cp=112000_mel_text=False_phoneme-without-space_g2p-no-nn_lm-weight=0p5_ctc-weight=0p1_bs=80/w1=1_w2=0.5_asr_start=320_mask=True/sample_5|2.7588|2.8935|3.2355|3.4688|3.7502|1.5969|1.6881|4.4083|4.2769|0.2563|0.2537|0.1387|0.1665|0.6414|0.6408|0.2795|0.3652
DiT_Anechoic_LibSp_conditional-masked-melspec_w-masked-pix=1/dit-net_dim768_depth18_heads12_dim-head64_dropout0.1_ff_mult2_T400_betaT0.02/repeat_all_freq-length=10_skip=25_cp=112000_mel_text=False_phoneme-without-space_g2p-no-nn_lm-weight=0p5_ctc-weight=0p1_bs=80/w1=1_w2=0.5_asr_start=320_mask=True/sample_494|2.158|2.6749|3.1459|3.0869|3.5826|1.2527|1.3509|4.4704|4.0817|0.1727|0.283|0.0706|0.1763|0.6664|0.508|0.2329|0.3341
DiT_Anechoic_LibSp_conditional-masked-melspec_w-masked-pix=1/dit-net_dim768_depth18_heads12_dim-head64_dropout0.1_ff_mult2_T400_betaT0.02/repeat_all_freq-length=10_skip=25_cp=112000_mel_text=False_phoneme-without-space_g2p-no-nn_lm-weight=0p5_ctc-weight=0p1_bs=80/w1=1_w2=0.5_asr_start=320_mask=True/sample_2410|2.3997|2.8717|2.8868|3.014|2.9135|1.2765|1.528|3.7073|3.8104|0.3051|0.2582|0.2445|0.1738|0.6657|0.6229|0.3442|0.3655
DiT_Anechoic_LibSp_conditional-masked-melspec_w-masked-pix=1/dit-net_dim768_depth18_heads12_dim-head64_dropout0.1_ff_mult2_T400_betaT0.02/repeat_all_freq-length=10_skip=25_cp=112000_mel_text=False_phoneme-without-space_g2p-no-nn_lm-weight=0p5_ctc-weight=0p1_bs=80/w1=1_w2=0.5_asr_start=320_mask=True/sample_1864|2.6171|2.693|2.9241|3.0293|3.4591|1.4969|1.9698|4.5666|4.5054|0.37|0.3377|0.3124|0.2128|0.6757|0.6345|0.3028|0.3413
DiT_Anechoic_LibSp_conditional-masked-melspec_w-masked-pix=1/dit-net_dim768_depth18_heads12_dim-head64_dropout0.1_ff_mult2_T400_betaT0.02/repeat_all_freq-length=10_skip=25_cp=112000_mel_text=False_phoneme-without-space_g2p-no-nn_lm-weight=0p5_ctc-weight=0p1_bs=80/w1=1_w2=0.5_asr_start=320_mask=True/sample_208|2.321|2.7837|3.0352|3.0957|3.3535|1.3649|1.4906|4.2393|4.2901|0.621|0.4593|0.3494|0.1811|0.6738|0.711|0.3845|0.3806
DiT_Anechoic_LibSp_conditional-masked-melspec_w-masked-pix=1/dit-net_dim768_depth18_heads12_dim-head64_dropout0.1_ff_mult2_T400_betaT0.02/repeat_all_freq-length=10_skip=25_cp=112000_mel_text=False_phoneme-without-space_g2p-no-nn_lm-weight=0p5_ctc-weight=0p1_bs=80/w1=1_w2=0.5_asr_start=320_mask=True/sample_2096|2.6606|2.9554|3.225|3.1231|3.6076|1.7279|1.4887|4.3834|3.866|0.2927|0.2737|0.1832|0.1761|0.7099|0.6821|0.3139|0.3782
DiT_Anechoic_LibSp_conditional-masked-melspec_w-masked-pix=1/dit-net_dim768_depth18_heads12_dim-head64_dropout0.1_ff_mult2_T400_betaT0.02/repeat_all_freq-length=10_skip=25_cp=112000_mel_text=False_phoneme-without-space_g2p-no-nn_lm-weight=0p5_ctc-weight=0p1_bs=80/w1=1_w2=0.5_asr_start=320_mask=True/sample_2423|2.5158|2.6194|2.8113|3.0417|3.2257|1.3452|1.5218|4.0289|3.7028|0.3052|0.2245|0.2582|0.1916|0.6508|0.5921|0.3548|0.351
DiT_Anechoic_LibSp_conditional-masked-melspec_w-masked-pix=1/dit-net_dim768_depth18_heads12_dim-head64_dropout0.1_ff_mult2_T400_betaT0.02/repeat_all_freq-length=10_skip=25_cp=112000_mel_text=False_phoneme-without-space_g2p-no-nn_lm-weight=0p5_ctc-weight=0p1_bs=80/w1=1_w2=0.5_asr_start=320_mask=True/sample_2035|3.0782|3.2312|3.578|3.8615|4.0532|1.3838|1.4098|3.1587|3.1505|0.4235|0.3905|0.3402|0.1264|0.6997|0.7189|0.3724|0.4154
DiT_Anechoic_LibSp_conditional-masked-melspec_w-masked-pix=1/dit-net_dim768_depth18_heads12_dim-head64_dropout0.1_ff_mult2_T400_betaT0.02/repeat_all_freq-length=10_skip=25_cp=112000_mel_text=False_phoneme-without-space_g2p-no-nn_lm-weight=0p5_ctc-weight=0p1_bs=80/w1=1_w2=0.5_asr_start=320_mask=True/sample_2401|2.5693|3.0938|3.1856|3.3999|3.4539|1.2724|1.4194|4.0036|3.7754|0.3289|0.2815|0.1987|0.0794|0.7124|0.6613|0.4675|0.4293
DiT_Anechoic_LibSp_conditional-masked-melspec_w-masked-pix=1/dit-net_dim768_depth18_heads12_dim-head64_dropout0.1_ff_mult2_T400_betaT0.02/repeat_all_freq-length=10_skip=25_cp=112000_mel_text=False_phoneme-without-space_g2p-no-nn_lm-weight=0p5_ctc-weight=0p1_bs=80/w1=1_w2=0.5_asr_start=320_mask=True/sample_1083|2.8156|2.8756|3.4572|3.0297|3.6014|1.5995|1.6041|3.9499|3.5443|0.5107|0.4582|0.304|0.234|0.6619|0.6588|0.2918|0.363
DiT_Anechoic_LibSp_conditional-masked-melspec_w-masked-pix=1/dit-net_dim768_depth18_heads12_dim-head64_dropout0.1_ff_mult2_T400_betaT0.02/repeat_all_freq-length=10_skip=25_cp=112000_mel_text=False_phoneme-without-space_g2p-no-nn_lm-weight=0p5_ctc-weight=0p1_bs=80/w1=1_w2=0.5_asr_start=320_mask=True/sample_180|2.3709|3.0875|3.3221|3.2165|3.6679|1.2558|1.4775|4.2201|4.3093|0.4347|0.4586|0.2269|0.2501|0.6727|0.657|0.2502|0.359
DiT_Anechoic_LibSp_conditional-masked-melspec_w-masked-pix=1/dit-net_dim768_depth18_heads12_dim-head64_dropout0.1_ff_mult2_T400_betaT0.02/repeat_all_freq-length=20_skip=50_cp=112000_mel_text=False_phoneme-without-space_g2p-no-nn_lm-weight=0p5_ctc-weight=0p1_bs=80/w1=1_w2=0.5_asr_start=320_mask=True/sample_69|2.6684|3.135|3.2356|3.3855|3.5939|1.8091|1.891|5.2061|4.9712|0.2256|0.2099|0.2329|0.1252|0.6054|0.5955|0.3397|0.3987
DiT_Anechoic_LibSp_conditional-masked-melspec_w-masked-pix=1/dit-net_dim768_depth18_heads12_dim-head64_dropout0.1_ff_mult2_T400_betaT0.02/repeat_all_freq-length=20_skip=50_cp=112000_mel_text=False_phoneme-without-space_g2p-no-nn_lm-weight=0p5_ctc-weight=0p1_bs=80/w1=1_w2=0.5_asr_start=320_mask=True/sample_317|3.2558|3.2313|3.5351|3.3026|3.6024|2.0836|1.9829|4.2962|4.0281|0.2408|0.2264|0.0788|0.1026|0.6703|0.6488|0.3233|0.5058
DiT_Anechoic_LibSp_conditional-masked-melspec_w-masked-pix=1/dit-net_dim768_depth18_heads12_dim-head64_dropout0.1_ff_mult2_T400_betaT0.02/repeat_all_freq-length=20_skip=50_cp=112000_mel_text=False_phoneme-without-space_g2p-no-nn_lm-weight=0p5_ctc-weight=0p1_bs=80/w1=1_w2=0.5_asr_start=320_mask=True/sample_2162|2.9043|2.8666|2.979|3.4473|3.6428|1.801|2.0823|4.9071|5.0292|0.1603|0.2036|0.1154|0.1706|0.6076|0.6115|0.381|0.4769
DiT_Anechoic_LibSp_conditional-masked-melspec_w-masked-pix=1/dit-net_dim768_depth18_heads12_dim-head64_dropout0.1_ff_mult2_T400_betaT0.02/repeat_all_freq-length=20_skip=50_cp=112000_mel_text=False_phoneme-without-space_g2p-no-nn_lm-weight=0p5_ctc-weight=0p1_bs=80/w1=1_w2=0.5_asr_start=320_mask=True/sample_1885|2.9779|2.9942|3.1189|3.2515|3.4674|1.5411|1.6061|4.8143|4.6146|0.2208|0.2219|0.2246|0.1753|0.696|0.6897|0.3771|0.4725
DiT_Anechoic_LibSp_conditional-masked-melspec_w-masked-pix=1/dit-net_dim768_depth18_heads12_dim-head64_dropout0.1_ff_mult2_T400_betaT0.02/repeat_all_freq-length=20_skip=50_cp=112000_mel_text=False_phoneme-without-space_g2p-no-nn_lm-weight=0p5_ctc-weight=0p1_bs=80/w1=1_w2=0.5_asr_start=320_mask=True/sample_80|3.0317|2.7902|3.3427|3.0097|3.6599|1.5654|1.8028|3.9669|4.1668|0.2834|0.201|0.2514|0.1241|0.6541|0.6237|0.3617|0.3779
DiT_Anechoic_LibSp_conditional-masked-melspec_w-masked-pix=1/dit-net_dim768_depth18_heads12_dim-head64_dropout0.1_ff_mult2_T400_betaT0.02/repeat_all_freq-length=20_skip=50_cp=112000_mel_text=False_phoneme-without-space_g2p-no-nn_lm-weight=0p5_ctc-weight=0p1_bs=80/w1=1_w2=0.5_asr_start=320_mask=True/sample_1861|2.8034|2.6497|3.0351|2.9384|3.7765|1.7844|1.8005|5.1346|4.8354|0.3441|0.3076|0.2373|0.1756|0.7265|0.6753|0.3803|0.4061
DiT_Anechoic_LibSp_conditional-masked-melspec_w-masked-pix=1/dit-net_dim768_depth18_heads12_dim-head64_dropout0.1_ff_mult2_T400_betaT0.02/repeat_all_freq-length=20_skip=50_cp=112000_mel_text=False_phoneme-without-space_g2p-no-nn_lm-weight=0p5_ctc-weight=0p1_bs=80/w1=1_w2=0.5_asr_start=320_mask=True/sample_1529|3.1767|3.1873|3.3916|3.4775|4.0005|1.5862|1.8942|5.4412|5.4829|0.1957|0.2555|0.1962|0.1894|0.7169|0.6944|0.4398|0.4933
DiT_Anechoic_LibSp_conditional-masked-melspec_w-masked-pix=1/dit-net_dim768_depth18_heads12_dim-head64_dropout0.1_ff_mult2_T400_betaT0.02/repeat_all_freq-length=20_skip=50_cp=112000_mel_text=False_phoneme-without-space_g2p-no-nn_lm-weight=0p5_ctc-weight=0p1_bs=80/w1=1_w2=0.5_asr_start=320_mask=True/sample_1962|3.276|3.461|3.4232|3.5785|3.7188|1.3583|1.4885|3.8248|3.6761|0.2231|0.1617|0.1806|0.0976|0.6856|0.694|0.3621|0.4583
DiT_Anechoic_LibSp_conditional-masked-melspec_w-masked-pix=1/dit-net_dim768_depth18_heads12_dim-head64_dropout0.1_ff_mult2_T400_betaT0.02/repeat_all_freq-length=20_skip=50_cp=112000_mel_text=False_phoneme-without-space_g2p-no-nn_lm-weight=0p5_ctc-weight=0p1_bs=80/w1=1_w2=0.5_asr_start=320_mask=True/sample_1816|3.0534|2.9523|3.3461|3.3922|4.1233|1.3364|1.4726|4.4066|4.3116|0.2784|0.2921|0.1741|0.1297|0.6316|0.5632|0.3771|0.4651
DiT_Anechoic_LibSp_conditional-masked-melspec_w-masked-pix=1/dit-net_dim768_depth18_heads12_dim-head64_dropout0.1_ff_mult2_T400_betaT0.02/repeat_all_freq-length=20_skip=50_cp=112000_mel_text=False_phoneme-without-space_g2p-no-nn_lm-weight=0p5_ctc-weight=0p1_bs=80/w1=1_w2=0.5_asr_start=320_mask=True/sample_304|2.8959|3.276|3.5266|3.4677|3.7928|1.9277|2.0415|4.2283|4.2433|0.1889|0.2168|0.1108|0.1415|0.5767|0.6143|0.3869|0.4228
DiT_Anechoic_LibSp_conditional-masked-melspec_w-masked-pix=1/dit-net_dim768_depth18_heads12_dim-head64_dropout0.1_ff_mult2_T400_betaT0.02/repeat_all_freq-length=20_skip=50_cp=112000_mel_text=False_phoneme-without-space_g2p-no-nn_lm-weight=0p5_ctc-weight=0p1_bs=80/w1=1_w2=0.5_asr_start=320_mask=True/sample_1667|2.7339|2.2003|2.9239|2.4902|3.3004|1.7624|1.8089|5.1095|5.067|0.2616|0.2734|0.1653|0.1878|0.6153|0.6331|0.3771|0.4545
DiT_Anechoic_LibSp_conditional-masked-melspec_w-masked-pix=1/dit-net_dim768_depth18_heads12_dim-head64_dropout0.1_ff_mult2_T400_betaT0.02/repeat_all_freq-length=20_skip=50_cp=112000_mel_text=False_phoneme-without-space_g2p-no-nn_lm-weight=0p5_ctc-weight=0p1_bs=80/w1=1_w2=0.5_asr_start=320_mask=True/sample_1809|3.3509|3.4016|3.7559|3.6274|4.0704|1.5687|1.6842|4.1303|4.0545|0.2233|0.2886|0.1895|0.1711|0.7078|0.6867|0.418|0.4854
DiT_Anechoic_LibSp_conditional-masked-melspec_w-masked-pix=1/dit-net_dim768_depth18_heads12_dim-head64_dropout0.1_ff_mult2_T400_betaT0.02/repeat_all_freq-length=20_skip=50_cp=112000_mel_text=False_phoneme-without-space_g2p-no-nn_lm-weight=0p5_ctc-weight=0p1_bs=80/w1=1_w2=0.5_asr_start=320_mask=True/sample_582|3.3331|3.2665|3.4719|3.4728|3.7803|1.3651|1.5115|4.5177|4.4888|0.4355|0.3374|0.2545|0.1682|0.5683|0.6513|0.3897|0.3571
DiT_Anechoic_LibSp_conditional-masked-melspec_w-masked-pix=1/dit-net_dim768_depth18_heads12_dim-head64_dropout0.1_ff_mult2_T400_betaT0.02/repeat_all_freq-length=20_skip=50_cp=112000_mel_text=False_phoneme-without-space_g2p-no-nn_lm-weight=0p5_ctc-weight=0p1_bs=80/w1=1_w2=0.5_asr_start=320_mask=True/sample_1845|3.2584|2.86|3.2102|3.1379|3.8263|1.6135|1.6689|5.1174|5.1186|0.2384|0.2232|0.0972|0.0695|0.6387|0.6123|0.3753|0.4538
DiT_Anechoic_LibSp_conditional-masked-melspec_w-masked-pix=1/dit-net_dim768_depth18_heads12_dim-head64_dropout0.1_ff_mult2_T400_betaT0.02/repeat_all_freq-length=20_skip=50_cp=112000_mel_text=False_phoneme-without-space_g2p-no-nn_lm-weight=0p5_ctc-weight=0p1_bs=80/w1=1_w2=0.5_asr_start=320_mask=True/sample_504|3.0816|2.7403|3.3875|3.1991|3.7977|1.969|1.8725|4.6743|4.5642|0.3674|0.2904|0.1436|0.1783|0.6583|0.5669|0.3993|0.4063
DiT_Anechoic_LibSp_conditional-masked-melspec_w-masked-pix=1/dit-net_dim768_depth18_heads12_dim-head64_dropout0.1_ff_mult2_T400_betaT0.02/repeat_all_freq-length=20_skip=50_cp=112000_mel_text=False_phoneme-without-space_g2p-no-nn_lm-weight=0p5_ctc-weight=0p1_bs=80/w1=1_w2=0.5_asr_start=320_mask=True/sample_610|3.2168|3.1872|3.3827|3.3303|3.5246|1.6699|1.7426|4.7941|4.6989|0.3275|0.2217|0.1822|0.2116|0.675|0.7396|0.4277|0.4328
DiT_Anechoic_LibSp_conditional-masked-melspec_w-masked-pix=1/dit-net_dim768_depth18_heads12_dim-head64_dropout0.1_ff_mult2_T400_betaT0.02/repeat_all_freq-length=20_skip=50_cp=112000_mel_text=False_phoneme-without-space_g2p-no-nn_lm-weight=0p5_ctc-weight=0p1_bs=80/w1=1_w2=0.5_asr_start=320_mask=True/sample_909|3.1806|3.3161|3.4866|3.5531|3.9104|1.5625|1.6082|4.5431|4.3847|0.1871|0.1944|0.1372|0.1141|0.6814|0.6469|0.4158|0.5309
DiT_Anechoic_LibSp_conditional-masked-melspec_w-masked-pix=1/dit-net_dim768_depth18_heads12_dim-head64_dropout0.1_ff_mult2_T400_betaT0.02/repeat_all_freq-length=20_skip=50_cp=112000_mel_text=False_phoneme-without-space_g2p-no-nn_lm-weight=0p5_ctc-weight=0p1_bs=80/w1=1_w2=0.5_asr_start=320_mask=True/sample_2265|2.7405|2.2925|2.5802|2.5075|2.8485|1.8807|2.0757|4.9622|5.0875|0.6818|0.5461|0.353|0.3306|0.5353|0.5715|0.2897|0.3433
DiT_Anechoic_LibSp_conditional-masked-melspec_w-masked-pix=1/dit-net_dim768_depth18_heads12_dim-head64_dropout0.1_ff_mult2_T400_betaT0.02/repeat_all_freq-length=20_skip=50_cp=112000_mel_text=False_phoneme-without-space_g2p-no-nn_lm-weight=0p5_ctc-weight=0p1_bs=80/w1=1_w2=0.5_asr_start=320_mask=True/sample_244|2.7959|2.8939|3.2647|3.3168|3.4531|1.7677|1.67|4.8066|5.0057|0.2859|0.2095|0.3608|0.2074|0.6162|0.6265|0.3847|0.4552
DiT_Anechoic_LibSp_conditional-masked-melspec_w-masked-pix=1/dit-net_dim768_depth18_heads12_dim-head64_dropout0.1_ff_mult2_T400_betaT0.02/repeat_all_freq-length=20_skip=50_cp=112000_mel_text=False_phoneme-without-space_g2p-no-nn_lm-weight=0p5_ctc-weight=0p1_bs=80/w1=1_w2=0.5_asr_start=320_mask=True/sample_378|2.8146|2.9663|3.3133|3.1943|3.6044|1.5453|1.6045|4.6643|4.5504|0.4752|0.4043|0.3021|0.2989|0.6477|0.6826|0.3547|0.4375
DiT_Anechoic_LibSp_conditional-masked-melspec_w-masked-pix=1/dit-net_dim768_depth18_heads12_dim-head64_dropout0.1_ff_mult2_T400_betaT0.02/repeat_all_freq-length=20_skip=50_cp=112000_mel_text=False_phoneme-without-space_g2p-no-nn_lm-weight=0p5_ctc-weight=0p1_bs=80/w1=1_w2=0.5_asr_start=320_mask=True/sample_404|2.4523|2.1625|2.5026|2.5539|2.6917|1.7874|2.009|4.3119|4.3129|0.4521|0.337|0.2649|0.2581|0.6732|0.6453|0.3535|0.4695
DiT_Anechoic_LibSp_conditional-masked-melspec_w-masked-pix=1/dit-net_dim768_depth18_heads12_dim-head64_dropout0.1_ff_mult2_T400_betaT0.02/repeat_all_freq-length=20_skip=50_cp=112000_mel_text=False_phoneme-without-space_g2p-no-nn_lm-weight=0p5_ctc-weight=0p1_bs=80/w1=1_w2=0.5_asr_start=320_mask=True/sample_19|3.2408|3.037|3.3965|3.341|3.7948|1.7377|1.8888|4.7749|4.5904|0.2012|0.1938|0.1841|0.0893|0.6048|0.5977|0.3879|0.4428
DiT_Anechoic_LibSp_conditional-masked-melspec_w-masked-pix=1/dit-net_dim768_depth18_heads12_dim-head64_dropout0.1_ff_mult2_T400_betaT0.02/repeat_all_freq-length=20_skip=50_cp=112000_mel_text=False_phoneme-without-space_g2p-no-nn_lm-weight=0p5_ctc-weight=0p1_bs=80/w1=1_w2=0.5_asr_start=320_mask=True/sample_1697|2.7417|2.2064|2.72|2.4981|3.2601|1.6698|1.7901|4.5988|4.5984|0.5553|0.342|0.1767|0.1403|0.6284|0.5908|0.2931|0.3907
DiT_Anechoic_LibSp_conditional-masked-melspec_w-masked-pix=1/dit-net_dim768_depth18_heads12_dim-head64_dropout0.1_ff_mult2_T400_betaT0.02/repeat_all_freq-length=20_skip=50_cp=112000_mel_text=False_phoneme-without-space_g2p-no-nn_lm-weight=0p5_ctc-weight=0p1_bs=80/w1=1_w2=0.5_asr_start=320_mask=True/sample_2068|3.2252|3.2064|3.3136|3.2135|3.5473|1.8628|1.8791|5.1539|4.8409|0.2753|0.2571|0.2044|0.1731|0.7437|0.7135|0.399|0.4256
DiT_Anechoic_LibSp_conditional-masked-melspec_w-masked-pix=1/dit-net_dim768_depth18_heads12_dim-head64_dropout0.1_ff_mult2_T400_betaT0.02/repeat_all_freq-length=20_skip=50_cp=112000_mel_text=False_phoneme-without-space_g2p-no-nn_lm-weight=0p5_ctc-weight=0p1_bs=80/w1=1_w2=0.5_asr_start=320_mask=True/sample_915|3.4751|3.9223|4.0927|4.2327|4.3054|1.449|1.5549|4.0404|3.9667|0.1227|0.1519|0.1926|0.151|0.6058|0.6952|0.3782|0.5155
DiT_Anechoic_LibSp_conditional-masked-melspec_w-masked-pix=1/dit-net_dim768_depth18_heads12_dim-head64_dropout0.1_ff_mult2_T400_betaT0.02/repeat_all_freq-length=20_skip=50_cp=112000_mel_text=False_phoneme-without-space_g2p-no-nn_lm-weight=0p5_ctc-weight=0p1_bs=80/w1=1_w2=0.5_asr_start=320_mask=True/sample_500|2.4727|2.312|2.9451|2.7209|3.5104|1.8655|1.7533|4.9774|4.4966|0.3838|0.4828|0.2131|0.2605|0.6059|0.5756|0.3886|0.3979
DiT_Anechoic_LibSp_conditional-masked-melspec_w-masked-pix=1/dit-net_dim768_depth18_heads12_dim-head64_dropout0.1_ff_mult2_T400_betaT0.02/repeat_all_freq-length=20_skip=50_cp=112000_mel_text=False_phoneme-without-space_g2p-no-nn_lm-weight=0p5_ctc-weight=0p1_bs=80/w1=1_w2=0.5_asr_start=320_mask=True/sample_1119|2.8546|2.6399|2.8605|3.063|3.5594|1.8555|1.61|4.2778|4.1685|0.2235|0.2623|0.2161|0.1676|0.6209|0.6083|0.3441|0.3691
DiT_Anechoic_LibSp_conditional-masked-melspec_w-masked-pix=1/dit-net_dim768_depth18_heads12_dim-head64_dropout0.1_ff_mult2_T400_betaT0.02/repeat_all_freq-length=20_skip=50_cp=112000_mel_text=False_phoneme-without-space_g2p-no-nn_lm-weight=0p5_ctc-weight=0p1_bs=80/w1=1_w2=0.5_asr_start=320_mask=True/sample_603|2.7393|3.0718|3.2678|3.0442|3.4383|1.4956|1.7011|5.39|5.38|0.2706|0.2934|0.2133|0.1338|0.6303|0.6767|0.3794|0.4072
DiT_Anechoic_LibSp_conditional-masked-melspec_w-masked-pix=1/dit-net_dim768_depth18_heads12_dim-head64_dropout0.1_ff_mult2_T400_betaT0.02/repeat_all_freq-length=20_skip=50_cp=112000_mel_text=False_phoneme-without-space_g2p-no-nn_lm-weight=0p5_ctc-weight=0p1_bs=80/w1=1_w2=0.5_asr_start=320_mask=True/sample_1797|3.4171|3.1611|3.5021|3.4299|3.624|1.4613|1.5719|4.2367|4.1258|0.319|0.2143|0.1299|0.1166|0.6626|0.6749|0.4048|0.4391
DiT_Anechoic_LibSp_conditional-masked-melspec_w-masked-pix=1/dit-net_dim768_depth18_heads12_dim-head64_dropout0.1_ff_mult2_T400_betaT0.02/repeat_all_freq-length=20_skip=50_cp=112000_mel_text=False_phoneme-without-space_g2p-no-nn_lm-weight=0p5_ctc-weight=0p1_bs=80/w1=1_w2=0.5_asr_start=320_mask=True/sample_1425|3.0326|2.8947|3.1114|3.3138|3.3673|1.7388|1.7029|5.7021|5.5829|0.4651|0.4464|0.3354|0.3221|0.6345|0.6165|0.3518|0.4165
DiT_Anechoic_LibSp_conditional-masked-melspec_w-masked-pix=1/dit-net_dim768_depth18_heads12_dim-head64_dropout0.1_ff_mult2_T400_betaT0.02/repeat_all_freq-length=20_skip=50_cp=112000_mel_text=False_phoneme-without-space_g2p-no-nn_lm-weight=0p5_ctc-weight=0p1_bs=80/w1=1_w2=0.5_asr_start=320_mask=True/sample_1061|2.4694|2.2656|2.4982|2.7763|3.1457|1.6184|1.6425|3.5876|3.5301|0.4189|0.3053|0.1836|0.1258|0.59|0.6021|0.3755|0.4539
DiT_Anechoic_LibSp_conditional-masked-melspec_w-masked-pix=1/dit-net_dim768_depth18_heads12_dim-head64_dropout0.1_ff_mult2_T400_betaT0.02/repeat_all_freq-length=20_skip=50_cp=112000_mel_text=False_phoneme-without-space_g2p-no-nn_lm-weight=0p5_ctc-weight=0p1_bs=80/w1=1_w2=0.5_asr_start=320_mask=True/sample_526|2.8419|3.1878|3.1382|3.4276|3.7744|1.6165|1.69|5.2816|5.2541|0.2466|0.2492|0.1811|0.1057|0.6335|0.6329|0.3886|0.4553
DiT_Anechoic_LibSp_conditional-masked-melspec_w-masked-pix=1/dit-net_dim768_depth18_heads12_dim-head64_dropout0.1_ff_mult2_T400_betaT0.02/repeat_all_freq-length=20_skip=50_cp=112000_mel_text=False_phoneme-without-space_g2p-no-nn_lm-weight=0p5_ctc-weight=0p1_bs=80/w1=1_w2=0.5_asr_start=320_mask=True/sample_847|3.1585|3.2737|3.6975|3.46|4.2418|1.3208|1.4005|4.2936|4.3436|0.2095|0.2327|0.1359|0.0927|0.6401|0.6979|0.3265|0.3797
DiT_Anechoic_LibSp_conditional-masked-melspec_w-masked-pix=1/dit-net_dim768_depth18_heads12_dim-head64_dropout0.1_ff_mult2_T400_betaT0.02/repeat_all_freq-length=20_skip=50_cp=112000_mel_text=False_phoneme-without-space_g2p-no-nn_lm-weight=0p5_ctc-weight=0p1_bs=80/w1=1_w2=0.5_asr_start=320_mask=True/sample_1002|2.9967|3.1422|3.2274|3.4258|3.5236|1.8409|1.826|4.351|4.1443|0.2518|0.2851|0.1358|0.0761|0.6189|0.6223|0.4025|0.43
DiT_Anechoic_LibSp_conditional-masked-melspec_w-masked-pix=1/dit-net_dim768_depth18_heads12_dim-head64_dropout0.1_ff_mult2_T400_betaT0.02/repeat_all_freq-length=20_skip=50_cp=112000_mel_text=False_phoneme-without-space_g2p-no-nn_lm-weight=0p5_ctc-weight=0p1_bs=80/w1=1_w2=0.5_asr_start=320_mask=True/sample_312|3.0166|3.0453|3.0387|3.4792|3.6942|1.6152|1.9377|4.9382|5.1829|0.1881|0.2343|0.0631|0.0869|0.6359|0.5899|0.4426|0.4102
DiT_Anechoic_LibSp_conditional-masked-melspec_w-masked-pix=1/dit-net_dim768_depth18_heads12_dim-head64_dropout0.1_ff_mult2_T400_betaT0.02/repeat_all_freq-length=20_skip=50_cp=112000_mel_text=False_phoneme-without-space_g2p-no-nn_lm-weight=0p5_ctc-weight=0p1_bs=80/w1=1_w2=0.5_asr_start=320_mask=True/sample_275|3.0529|3.2398|3.4383|3.4106|3.8703|1.4806|1.529|4.5425|4.4849|0.395|0.2765|0.2195|0.123|0.6602|0.6862|0.4169|0.47
DiT_Anechoic_LibSp_conditional-masked-melspec_w-masked-pix=1/dit-net_dim768_depth18_heads12_dim-head64_dropout0.1_ff_mult2_T400_betaT0.02/repeat_all_freq-length=20_skip=50_cp=112000_mel_text=False_phoneme-without-space_g2p-no-nn_lm-weight=0p5_ctc-weight=0p1_bs=80/w1=1_w2=0.5_asr_start=320_mask=True/sample_833|3.255|3.1478|3.7551|3.1469|4.1072|1.4745|1.6006|4.5637|4.4077|0.2613|0.2784|0.3037|0.1115|0.6294|0.6323|0.3645|0.4221
DiT_Anechoic_LibSp_conditional-masked-melspec_w-masked-pix=1/dit-net_dim768_depth18_heads12_dim-head64_dropout0.1_ff_mult2_T400_betaT0.02/repeat_all_freq-length=20_skip=50_cp=112000_mel_text=False_phoneme-without-space_g2p-no-nn_lm-weight=0p5_ctc-weight=0p1_bs=80/w1=1_w2=0.5_asr_start=320_mask=True/sample_1784|3.3378|3.0065|3.0566|3.5463|3.9165|1.7852|1.7349|4.2739|4.077|0.3562|0.2734|0.1118|0.1403|0.5851|0.6202|0.4141|0.4892
DiT_Anechoic_LibSp_conditional-masked-melspec_w-masked-pix=1/dit-net_dim768_depth18_heads12_dim-head64_dropout0.1_ff_mult2_T400_betaT0.02/repeat_all_freq-length=20_skip=50_cp=112000_mel_text=False_phoneme-without-space_g2p-no-nn_lm-weight=0p5_ctc-weight=0p1_bs=80/w1=1_w2=0.5_asr_start=320_mask=True/sample_2061|3.0592|2.998|3.3917|3.8522|3.7997|1.8254|2.1794|4.2524|4.1161|0.4144|0.3279|0.2355|0.1467|0.6483|0.6223|0.4195|0.4409
DiT_Anechoic_LibSp_conditional-masked-melspec_w-masked-pix=1/dit-net_dim768_depth18_heads12_dim-head64_dropout0.1_ff_mult2_T400_betaT0.02/repeat_all_freq-length=20_skip=50_cp=112000_mel_text=False_phoneme-without-space_g2p-no-nn_lm-weight=0p5_ctc-weight=0p1_bs=80/w1=1_w2=0.5_asr_start=320_mask=True/sample_5|3.2211|3.2548|3.673|3.4688|3.7502|1.5916|1.7368|4.6425|4.4901|0.1915|0.1902|0.1349|0.1194|0.6773|0.664|0.3514|0.4324
DiT_Anechoic_LibSp_conditional-masked-melspec_w-masked-pix=1/dit-net_dim768_depth18_heads12_dim-head64_dropout0.1_ff_mult2_T400_betaT0.02/repeat_all_freq-length=20_skip=50_cp=112000_mel_text=False_phoneme-without-space_g2p-no-nn_lm-weight=0p5_ctc-weight=0p1_bs=80/w1=1_w2=0.5_asr_start=320_mask=True/sample_494|2.5885|2.5624|3.1955|3.0869|3.5826|1.5731|1.5696|5.0751|4.704|0.0908|0.211|0.1504|0.238|0.5917|0.5167|0.3045|0.377
DiT_Anechoic_LibSp_conditional-masked-melspec_w-masked-pix=1/dit-net_dim768_depth18_heads12_dim-head64_dropout0.1_ff_mult2_T400_betaT0.02/repeat_all_freq-length=20_skip=50_cp=112000_mel_text=False_phoneme-without-space_g2p-no-nn_lm-weight=0p5_ctc-weight=0p1_bs=80/w1=1_w2=0.5_asr_start=320_mask=True/sample_2410|2.6877|2.9205|3.0171|3.014|2.9135|1.4606|1.5927|4.436|4.4717|0.3845|0.2995|0.2408|0.1474|0.6769|0.6171|0.4042|0.4069
DiT_Anechoic_LibSp_conditional-masked-melspec_w-masked-pix=1/dit-net_dim768_depth18_heads12_dim-head64_dropout0.1_ff_mult2_T400_betaT0.02/repeat_all_freq-length=20_skip=50_cp=112000_mel_text=False_phoneme-without-space_g2p-no-nn_lm-weight=0p5_ctc-weight=0p1_bs=80/w1=1_w2=0.5_asr_start=320_mask=True/sample_1864|2.7691|2.9705|3.316|3.0293|3.4591|1.6073|2.1258|5.2453|5.1127|0.3616|0.3041|0.2949|0.2255|0.5905|0.5554|0.3704|0.4805
DiT_Anechoic_LibSp_conditional-masked-melspec_w-masked-pix=1/dit-net_dim768_depth18_heads12_dim-head64_dropout0.1_ff_mult2_T400_betaT0.02/repeat_all_freq-length=20_skip=50_cp=112000_mel_text=False_phoneme-without-space_g2p-no-nn_lm-weight=0p5_ctc-weight=0p1_bs=80/w1=1_w2=0.5_asr_start=320_mask=True/sample_2096|2.8677|2.719|3.0881|3.1231|3.6076|1.6995|1.6606|4.4817|3.9619|0.2345|0.2346|0.1932|0.1967|0.6442|0.6341|0.3567|0.4083
DiT_Anechoic_LibSp_conditional-masked-melspec_w-masked-pix=1/dit-net_dim768_depth18_heads12_dim-head64_dropout0.1_ff_mult2_T400_betaT0.02/repeat_all_freq-length=20_skip=50_cp=112000_mel_text=False_phoneme-without-space_g2p-no-nn_lm-weight=0p5_ctc-weight=0p1_bs=80/w1=1_w2=0.5_asr_start=320_mask=True/sample_2423|3.0176|2.7107|3.0037|3.0417|3.2257|1.4853|1.586|4.6019|4.2795|0.3563|0.3126|0.2145|0.1887|0.5907|0.6305|0.4467|0.4425
DiT_Anechoic_LibSp_conditional-masked-melspec_w-masked-pix=1/dit-net_dim768_depth18_heads12_dim-head64_dropout0.1_ff_mult2_T400_betaT0.02/repeat_all_freq-length=20_skip=50_cp=112000_mel_text=False_phoneme-without-space_g2p-no-nn_lm-weight=0p5_ctc-weight=0p1_bs=80/w1=1_w2=0.5_asr_start=320_mask=True/sample_208|2.8516|2.8394|3.1449|3.0957|3.3535|1.2556|1.4704|4.3876|4.2182|0.2945|0.3207|0.3354|0.1887|0.6795|0.6815|0.4367|0.4623
DiT_Anechoic_LibSp_conditional-masked-melspec_w-masked-pix=1/dit-net_dim768_depth18_heads12_dim-head64_dropout0.1_ff_mult2_T400_betaT0.02/repeat_all_freq-length=20_skip=50_cp=112000_mel_text=False_phoneme-without-space_g2p-no-nn_lm-weight=0p5_ctc-weight=0p1_bs=80/w1=1_w2=0.5_asr_start=320_mask=True/sample_2401|3.2879|2.867|2.9301|3.3999|3.4539|1.4505|1.5718|4.2369|3.9917|0.4133|0.2813|0.2581|0.1268|0.6827|0.6501|0.4738|0.4364
DiT_Anechoic_LibSp_conditional-masked-melspec_w-masked-pix=1/dit-net_dim768_depth18_heads12_dim-head64_dropout0.1_ff_mult2_T400_betaT0.02/repeat_all_freq-length=20_skip=50_cp=112000_mel_text=False_phoneme-without-space_g2p-no-nn_lm-weight=0p5_ctc-weight=0p1_bs=80/w1=1_w2=0.5_asr_start=320_mask=True/sample_2035|3.2859|3.2746|3.5879|3.8615|4.0532|1.4881|1.5251|3.3945|3.3829|0.214|0.2486|0.2521|0.0643|0.6086|0.6044|0.4712|0.4925
DiT_Anechoic_LibSp_conditional-masked-melspec_w-masked-pix=1/dit-net_dim768_depth18_heads12_dim-head64_dropout0.1_ff_mult2_T400_betaT0.02/repeat_all_freq-length=20_skip=50_cp=112000_mel_text=False_phoneme-without-space_g2p-no-nn_lm-weight=0p5_ctc-weight=0p1_bs=80/w1=1_w2=0.5_asr_start=320_mask=True/sample_180|2.7767|3.0579|3.4558|3.2165|3.6679|1.3962|1.659|4.8019|4.8495|0.3676|0.4434|0.3065|0.2092|0.7312|0.6652|0.3503|0.4574
DiT_Anechoic_LibSp_conditional-masked-melspec_w-masked-pix=1/dit-net_dim768_depth18_heads12_dim-head64_dropout0.1_ff_mult2_T400_betaT0.02/repeat_all_freq-length=20_skip=50_cp=112000_mel_text=False_phoneme-without-space_g2p-no-nn_lm-weight=0p5_ctc-weight=0p1_bs=80/w1=1_w2=0.5_asr_start=320_mask=True/sample_1083|2.8389|2.7615|3.5076|3.0297|3.6014|1.7293|1.8283|3.7217|3.3579|0.4133|0.4043|0.2079|0.1496|0.6549|0.551|0.3588|0.4357
DiT_Anechoic_LibSp_conditional-masked-melspec_w-masked-pix=1/dit-net_dim768_depth18_heads12_dim-head64_dropout0.1_ff_mult2_T400_betaT0.02/repeat_all_freq-length=30_skip=75_cp=112000_mel_text=False_phoneme-without-space_g2p-no-nn_lm-weight=0p5_ctc-weight=0p1_bs=80/w1=1_w2=0.5_asr_start=320_mask=True/sample_69|3.085|3.1752|3.0624|3.3855|3.5939|1.83|1.8426|4.9704|4.7791|0.2985|0.2873|0.1073|0.0947|0.6629|0.6353|0.3497|0.4778
DiT_Anechoic_LibSp_conditional-masked-melspec_w-masked-pix=1/dit-net_dim768_depth18_heads12_dim-head64_dropout0.1_ff_mult2_T400_betaT0.02/repeat_all_freq-length=30_skip=75_cp=112000_mel_text=False_phoneme-without-space_g2p-no-nn_lm-weight=0p5_ctc-weight=0p1_bs=80/w1=1_w2=0.5_asr_start=320_mask=True/sample_1885|3.1612|2.815|3.0378|3.2515|3.4674|1.6719|1.658|4.8332|4.5384|0.2209|0.2104|0.214|0.1681|0.7111|0.7079|0.4533|0.565
DiT_Anechoic_LibSp_conditional-masked-melspec_w-masked-pix=1/dit-net_dim768_depth18_heads12_dim-head64_dropout0.1_ff_mult2_T400_betaT0.02/repeat_all_freq-length=30_skip=75_cp=112000_mel_text=False_phoneme-without-space_g2p-no-nn_lm-weight=0p5_ctc-weight=0p1_bs=80/w1=1_w2=0.5_asr_start=320_mask=True/sample_2162|2.9589|3.051|3.1118|3.4473|3.6428|1.7269|1.8002|4.6515|4.7916|0.1984|0.3821|0.0866|0.1882|0.612|0.6106|0.3732|0.459
DiT_Anechoic_LibSp_conditional-masked-melspec_w-masked-pix=1/dit-net_dim768_depth18_heads12_dim-head64_dropout0.1_ff_mult2_T400_betaT0.02/repeat_all_freq-length=30_skip=75_cp=112000_mel_text=False_phoneme-without-space_g2p-no-nn_lm-weight=0p5_ctc-weight=0p1_bs=80/w1=1_w2=0.5_asr_start=320_mask=True/sample_80|3.5692|2.9137|3.7199|3.0097|3.6599|1.4144|1.485|4.1474|4.1748|0.3405|0.2524|0.1775|0.1254|0.6919|0.6697|0.3892|0.485
DiT_Anechoic_LibSp_conditional-masked-melspec_w-masked-pix=1/dit-net_dim768_depth18_heads12_dim-head64_dropout0.1_ff_mult2_T400_betaT0.02/repeat_all_freq-length=30_skip=75_cp=112000_mel_text=False_phoneme-without-space_g2p-no-nn_lm-weight=0p5_ctc-weight=0p1_bs=80/w1=1_w2=0.5_asr_start=320_mask=True/sample_317|3.4447|3.2987|3.5483|3.3026|3.6024|1.9013|1.7435|3.8667|3.709|0.1614|0.1467|0.1145|0.1116|0.6394|0.6638|0.365|0.5191
DiT_Anechoic_LibSp_conditional-masked-melspec_w-masked-pix=1/dit-net_dim768_depth18_heads12_dim-head64_dropout0.1_ff_mult2_T400_betaT0.02/repeat_all_freq-length=30_skip=75_cp=112000_mel_text=False_phoneme-without-space_g2p-no-nn_lm-weight=0p5_ctc-weight=0p1_bs=80/w1=1_w2=0.5_asr_start=320_mask=True/sample_1861|2.7313|2.5441|3.0156|2.9384|3.7765|1.643|1.6888|5.202|4.8481|0.4111|0.3738|0.237|0.3033|0.7786|0.7925|0.3754|0.4768
DiT_Anechoic_LibSp_conditional-masked-melspec_w-masked-pix=1/dit-net_dim768_depth18_heads12_dim-head64_dropout0.1_ff_mult2_T400_betaT0.02/repeat_all_freq-length=30_skip=75_cp=112000_mel_text=False_phoneme-without-space_g2p-no-nn_lm-weight=0p5_ctc-weight=0p1_bs=80/w1=1_w2=0.5_asr_start=320_mask=True/sample_1962|3.1584|3.2698|3.4383|3.5785|3.7188|1.5592|1.6538|4.0041|3.7547|0.2295|0.185|0.1233|0.1057|0.6798|0.6613|0.4037|0.4285
DiT_Anechoic_LibSp_conditional-masked-melspec_w-masked-pix=1/dit-net_dim768_depth18_heads12_dim-head64_dropout0.1_ff_mult2_T400_betaT0.02/repeat_all_freq-length=30_skip=75_cp=112000_mel_text=False_phoneme-without-space_g2p-no-nn_lm-weight=0p5_ctc-weight=0p1_bs=80/w1=1_w2=0.5_asr_start=320_mask=True/sample_1529|3.3931|3.2706|3.7163|3.4775|4.0005|2.4676|2.0826|4.7839|4.8088|0.2305|0.2674|0.1342|0.2282|0.7213|0.682|0.4387|0.5017
DiT_Anechoic_LibSp_conditional-masked-melspec_w-masked-pix=1/dit-net_dim768_depth18_heads12_dim-head64_dropout0.1_ff_mult2_T400_betaT0.02/repeat_all_freq-length=30_skip=75_cp=112000_mel_text=False_phoneme-without-space_g2p-no-nn_lm-weight=0p5_ctc-weight=0p1_bs=80/w1=1_w2=0.5_asr_start=320_mask=True/sample_1816|3.6224|3.1885|3.4977|3.3922|4.1233|1.3376|1.4032|3.8128|3.645|0.2385|0.2326|0.2071|0.1507|0.6162|0.6571|0.387|0.4847
DiT_Anechoic_LibSp_conditional-masked-melspec_w-masked-pix=1/dit-net_dim768_depth18_heads12_dim-head64_dropout0.1_ff_mult2_T400_betaT0.02/repeat_all_freq-length=30_skip=75_cp=112000_mel_text=False_phoneme-without-space_g2p-no-nn_lm-weight=0p5_ctc-weight=0p1_bs=80/w1=1_w2=0.5_asr_start=320_mask=True/sample_304|3.3488|3.0957|3.1926|3.4677|3.7928|1.8814|1.8971|4.405|4.482|0.2195|0.2024|0.1121|0.0867|0.6311|0.6034|0.3848|0.4475
DiT_Anechoic_LibSp_conditional-masked-melspec_w-masked-pix=1/dit-net_dim768_depth18_heads12_dim-head64_dropout0.1_ff_mult2_T400_betaT0.02/repeat_all_freq-length=30_skip=75_cp=112000_mel_text=False_phoneme-without-space_g2p-no-nn_lm-weight=0p5_ctc-weight=0p1_bs=80/w1=1_w2=0.5_asr_start=320_mask=True/sample_1809|3.5412|3.576|3.9123|3.6274|4.0704|1.4795|1.6334|4.0145|3.9822|0.307|0.2463|0.2042|0.1253|0.7055|0.7042|0.4378|0.4993
DiT_Anechoic_LibSp_conditional-masked-melspec_w-masked-pix=1/dit-net_dim768_depth18_heads12_dim-head64_dropout0.1_ff_mult2_T400_betaT0.02/repeat_all_freq-length=30_skip=75_cp=112000_mel_text=False_phoneme-without-space_g2p-no-nn_lm-weight=0p5_ctc-weight=0p1_bs=80/w1=1_w2=0.5_asr_start=320_mask=True/sample_582|3.2602|2.9821|3.459|3.4728|3.7803|1.4689|1.5509|4.5566|4.5221|0.239|0.2142|0.2429|0.1517|0.6076|0.6293|0.4094|0.4101
DiT_Anechoic_LibSp_conditional-masked-melspec_w-masked-pix=1/dit-net_dim768_depth18_heads12_dim-head64_dropout0.1_ff_mult2_T400_betaT0.02/repeat_all_freq-length=30_skip=75_cp=112000_mel_text=False_phoneme-without-space_g2p-no-nn_lm-weight=0p5_ctc-weight=0p1_bs=80/w1=1_w2=0.5_asr_start=320_mask=True/sample_1667|2.946|2.2708|2.8068|2.4902|3.3004|1.8132|1.7966|5.1153|5.0376|0.2175|0.2556|0.1401|0.1076|0.6612|0.6536|0.4271|0.5228
DiT_Anechoic_LibSp_conditional-masked-melspec_w-masked-pix=1/dit-net_dim768_depth18_heads12_dim-head64_dropout0.1_ff_mult2_T400_betaT0.02/repeat_all_freq-length=30_skip=75_cp=112000_mel_text=False_phoneme-without-space_g2p-no-nn_lm-weight=0p5_ctc-weight=0p1_bs=80/w1=1_w2=0.5_asr_start=320_mask=True/sample_610|3.7993|3.179|3.6119|3.3303|3.5246|1.9174|1.8056|4.3016|4.2026|0.2844|0.2318|0.1332|0.1268|0.6973|0.6989|0.4199|0.4501
DiT_Anechoic_LibSp_conditional-masked-melspec_w-masked-pix=1/dit-net_dim768_depth18_heads12_dim-head64_dropout0.1_ff_mult2_T400_betaT0.02/repeat_all_freq-length=30_skip=75_cp=112000_mel_text=False_phoneme-without-space_g2p-no-nn_lm-weight=0p5_ctc-weight=0p1_bs=80/w1=1_w2=0.5_asr_start=320_mask=True/sample_504|2.8999|2.9193|3.1947|3.1991|3.7977|1.9686|1.6592|4.8399|4.7228|0.3475|0.2634|0.1955|0.1636|0.6028|0.6312|0.323|0.4086
DiT_Anechoic_LibSp_conditional-masked-melspec_w-masked-pix=1/dit-net_dim768_depth18_heads12_dim-head64_dropout0.1_ff_mult2_T400_betaT0.02/repeat_all_freq-length=30_skip=75_cp=112000_mel_text=False_phoneme-without-space_g2p-no-nn_lm-weight=0p5_ctc-weight=0p1_bs=80/w1=1_w2=0.5_asr_start=320_mask=True/sample_1845|3.4309|2.8116|3.3448|3.1379|3.8263|1.5218|1.4636|4.807|4.7728|0.2507|0.1645|0.131|0.0938|0.7163|0.6602|0.411|0.4998
DiT_Anechoic_LibSp_conditional-masked-melspec_w-masked-pix=1/dit-net_dim768_depth18_heads12_dim-head64_dropout0.1_ff_mult2_T400_betaT0.02/repeat_all_freq-length=30_skip=75_cp=112000_mel_text=False_phoneme-without-space_g2p-no-nn_lm-weight=0p5_ctc-weight=0p1_bs=80/w1=1_w2=0.5_asr_start=320_mask=True/sample_909|3.4846|3.6211|3.7588|3.5531|3.9104|1.4503|1.6863|4.8733|4.777|0.1903|0.2447|0.2122|0.1424|0.6869|0.7294|0.4336|0.5864
DiT_Anechoic_LibSp_conditional-masked-melspec_w-masked-pix=1/dit-net_dim768_depth18_heads12_dim-head64_dropout0.1_ff_mult2_T400_betaT0.02/repeat_all_freq-length=30_skip=75_cp=112000_mel_text=False_phoneme-without-space_g2p-no-nn_lm-weight=0p5_ctc-weight=0p1_bs=80/w1=1_w2=0.5_asr_start=320_mask=True/sample_244|2.9504|2.7611|2.9478|3.3168|3.4531|1.8687|1.9594|5.1649|5.2775|0.4027|0.2893|0.3036|0.2397|0.6763|0.6428|0.3808|0.4481
DiT_Anechoic_LibSp_conditional-masked-melspec_w-masked-pix=1/dit-net_dim768_depth18_heads12_dim-head64_dropout0.1_ff_mult2_T400_betaT0.02/repeat_all_freq-length=30_skip=75_cp=112000_mel_text=False_phoneme-without-space_g2p-no-nn_lm-weight=0p5_ctc-weight=0p1_bs=80/w1=1_w2=0.5_asr_start=320_mask=True/sample_378|2.8361|2.6868|2.9533|3.1943|3.6044|2.0511|2.1921|4.9604|4.7831|0.4667|0.4043|0.3136|0.3352|0.5871|0.6181|0.3541|0.4365
DiT_Anechoic_LibSp_conditional-masked-melspec_w-masked-pix=1/dit-net_dim768_depth18_heads12_dim-head64_dropout0.1_ff_mult2_T400_betaT0.02/repeat_all_freq-length=30_skip=75_cp=112000_mel_text=False_phoneme-without-space_g2p-no-nn_lm-weight=0p5_ctc-weight=0p1_bs=80/w1=1_w2=0.5_asr_start=320_mask=True/sample_2265|2.7564|2.2716|2.6371|2.5075|2.8485|2.015|2.1611|4.9416|5.149|0.3907|0.4495|0.3132|0.2368|0.4827|0.5174|0.3548|0.3636
DiT_Anechoic_LibSp_conditional-masked-melspec_w-masked-pix=1/dit-net_dim768_depth18_heads12_dim-head64_dropout0.1_ff_mult2_T400_betaT0.02/repeat_all_freq-length=30_skip=75_cp=112000_mel_text=False_phoneme-without-space_g2p-no-nn_lm-weight=0p5_ctc-weight=0p1_bs=80/w1=1_w2=0.5_asr_start=320_mask=True/sample_19|2.9999|3.1145|3.4061|3.341|3.7948|1.648|1.906|4.8896|4.8067|0.186|0.1935|0.1714|0.1245|0.6601|0.6628|0.3552|0.4108
DiT_Anechoic_LibSp_conditional-masked-melspec_w-masked-pix=1/dit-net_dim768_depth18_heads12_dim-head64_dropout0.1_ff_mult2_T400_betaT0.02/repeat_all_freq-length=30_skip=75_cp=112000_mel_text=False_phoneme-without-space_g2p-no-nn_lm-weight=0p5_ctc-weight=0p1_bs=80/w1=1_w2=0.5_asr_start=320_mask=True/sample_404|2.5419|2.0215|2.2963|2.5539|2.6917|2.08|2.1224|4.7508|4.777|0.5597|0.3494|0.2619|0.2247|0.6423|0.6575|0.3832|0.5029
DiT_Anechoic_LibSp_conditional-masked-melspec_w-masked-pix=1/dit-net_dim768_depth18_heads12_dim-head64_dropout0.1_ff_mult2_T400_betaT0.02/repeat_all_freq-length=30_skip=75_cp=112000_mel_text=False_phoneme-without-space_g2p-no-nn_lm-weight=0p5_ctc-weight=0p1_bs=80/w1=1_w2=0.5_asr_start=320_mask=True/sample_915|3.8396|3.7382|3.8466|4.2327|4.3054|1.4479|1.4842|4.3123|4.1655|0.1278|0.1351|0.1405|0.0607|0.6419|0.6797|0.389|0.5102
DiT_Anechoic_LibSp_conditional-masked-melspec_w-masked-pix=1/dit-net_dim768_depth18_heads12_dim-head64_dropout0.1_ff_mult2_T400_betaT0.02/repeat_all_freq-length=30_skip=75_cp=112000_mel_text=False_phoneme-without-space_g2p-no-nn_lm-weight=0p5_ctc-weight=0p1_bs=80/w1=1_w2=0.5_asr_start=320_mask=True/sample_1119|3.1965|2.6282|3.0064|3.063|3.5594|1.7211|1.6798|5.1498|5.0376|0.2819|0.3003|0.1148|0.169|0.6164|0.599|0.3601|0.4125
DiT_Anechoic_LibSp_conditional-masked-melspec_w-masked-pix=1/dit-net_dim768_depth18_heads12_dim-head64_dropout0.1_ff_mult2_T400_betaT0.02/repeat_all_freq-length=30_skip=75_cp=112000_mel_text=False_phoneme-without-space_g2p-no-nn_lm-weight=0p5_ctc-weight=0p1_bs=80/w1=1_w2=0.5_asr_start=320_mask=True/sample_1697|2.925|2.3757|2.8793|2.4981|3.2601|1.9223|1.9562|4.9096|4.8715|0.5699|0.3871|0.1659|0.1824|0.6008|0.6293|0.3397|0.4523
DiT_Anechoic_LibSp_conditional-masked-melspec_w-masked-pix=1/dit-net_dim768_depth18_heads12_dim-head64_dropout0.1_ff_mult2_T400_betaT0.02/repeat_all_freq-length=30_skip=75_cp=112000_mel_text=False_phoneme-without-space_g2p-no-nn_lm-weight=0p5_ctc-weight=0p1_bs=80/w1=1_w2=0.5_asr_start=320_mask=True/sample_2068|3.345|3.0121|3.3428|3.2135|3.5473|2.0325|1.9242|5.3256|5.0404|0.3755|0.3024|0.2464|0.1664|0.6729|0.6702|0.4606|0.5047
DiT_Anechoic_LibSp_conditional-masked-melspec_w-masked-pix=1/dit-net_dim768_depth18_heads12_dim-head64_dropout0.1_ff_mult2_T400_betaT0.02/repeat_all_freq-length=30_skip=75_cp=112000_mel_text=False_phoneme-without-space_g2p-no-nn_lm-weight=0p5_ctc-weight=0p1_bs=80/w1=1_w2=0.5_asr_start=320_mask=True/sample_500|2.5661|2.5976|2.851|2.7209|3.5104|1.7629|1.8581|5.444|4.9101|0.2125|0.3611|0.1975|0.1873|0.5985|0.5958|0.3659|0.4237
DiT_Anechoic_LibSp_conditional-masked-melspec_w-masked-pix=1/dit-net_dim768_depth18_heads12_dim-head64_dropout0.1_ff_mult2_T400_betaT0.02/repeat_all_freq-length=30_skip=75_cp=112000_mel_text=False_phoneme-without-space_g2p-no-nn_lm-weight=0p5_ctc-weight=0p1_bs=80/w1=1_w2=0.5_asr_start=320_mask=True/sample_526|3.1201|3.0342|3.1068|3.4276|3.7744|1.8159|1.9112|5.2387|5.1889|0.2641|0.2564|0.2431|0.18|0.6135|0.6871|0.4053|0.4781
DiT_Anechoic_LibSp_conditional-masked-melspec_w-masked-pix=1/dit-net_dim768_depth18_heads12_dim-head64_dropout0.1_ff_mult2_T400_betaT0.02/repeat_all_freq-length=30_skip=75_cp=112000_mel_text=False_phoneme-without-space_g2p-no-nn_lm-weight=0p5_ctc-weight=0p1_bs=80/w1=1_w2=0.5_asr_start=320_mask=True/sample_603|3.0905|2.9222|3.2363|3.0442|3.4383|1.6251|1.6919|5.1844|5.2053|0.2338|0.2234|0.1707|0.1514|0.6908|0.6513|0.4345|0.4863
DiT_Anechoic_LibSp_conditional-masked-melspec_w-masked-pix=1/dit-net_dim768_depth18_heads12_dim-head64_dropout0.1_ff_mult2_T400_betaT0.02/repeat_all_freq-length=30_skip=75_cp=112000_mel_text=False_phoneme-without-space_g2p-no-nn_lm-weight=0p5_ctc-weight=0p1_bs=80/w1=1_w2=0.5_asr_start=320_mask=True/sample_1797|3.7323|3.1252|3.5092|3.4299|3.624|1.5456|1.6368|3.819|3.6306|0.2155|0.1598|0.1703|0.0959|0.6185|0.6192|0.4124|0.458
DiT_Anechoic_LibSp_conditional-masked-melspec_w-masked-pix=1/dit-net_dim768_depth18_heads12_dim-head64_dropout0.1_ff_mult2_T400_betaT0.02/repeat_all_freq-length=30_skip=75_cp=112000_mel_text=False_phoneme-without-space_g2p-no-nn_lm-weight=0p5_ctc-weight=0p1_bs=80/w1=1_w2=0.5_asr_start=320_mask=True/sample_1425|3.0052|3.0522|3.1129|3.3138|3.3673|1.8623|1.9008|5.765|5.6338|0.3361|0.3502|0.3183|0.2897|0.616|0.6456|0.3939|0.4902
DiT_Anechoic_LibSp_conditional-masked-melspec_w-masked-pix=1/dit-net_dim768_depth18_heads12_dim-head64_dropout0.1_ff_mult2_T400_betaT0.02/repeat_all_freq-length=30_skip=75_cp=112000_mel_text=False_phoneme-without-space_g2p-no-nn_lm-weight=0p5_ctc-weight=0p1_bs=80/w1=1_w2=0.5_asr_start=320_mask=True/sample_1061|2.6285|2.427|2.812|2.7763|3.1457|1.8857|1.9435|3.5047|3.4186|0.5606|0.4697|0.1911|0.1348|0.6134|0.5902|0.4022|0.4919
DiT_Anechoic_LibSp_conditional-masked-melspec_w-masked-pix=1/dit-net_dim768_depth18_heads12_dim-head64_dropout0.1_ff_mult2_T400_betaT0.02/repeat_all_freq-length=30_skip=75_cp=112000_mel_text=False_phoneme-without-space_g2p-no-nn_lm-weight=0p5_ctc-weight=0p1_bs=80/w1=1_w2=0.5_asr_start=320_mask=True/sample_1002|3.3125|3.3548|3.2704|3.4258|3.5236|2.0779|2.0427|4.0297|3.7887|0.1656|0.2496|0.1154|0.1566|0.6331|0.6208|0.4101|0.4779
DiT_Anechoic_LibSp_conditional-masked-melspec_w-masked-pix=1/dit-net_dim768_depth18_heads12_dim-head64_dropout0.1_ff_mult2_T400_betaT0.02/repeat_all_freq-length=30_skip=75_cp=112000_mel_text=False_phoneme-without-space_g2p-no-nn_lm-weight=0p5_ctc-weight=0p1_bs=80/w1=1_w2=0.5_asr_start=320_mask=True/sample_847|3.3587|3.1259|3.5757|3.46|4.2418|1.6913|1.7226|4.7185|4.7515|0.3157|0.2593|0.2958|0.1001|0.6335|0.6409|0.3196|0.4005
DiT_Anechoic_LibSp_conditional-masked-melspec_w-masked-pix=1/dit-net_dim768_depth18_heads12_dim-head64_dropout0.1_ff_mult2_T400_betaT0.02/repeat_all_freq-length=30_skip=75_cp=112000_mel_text=False_phoneme-without-space_g2p-no-nn_lm-weight=0p5_ctc-weight=0p1_bs=80/w1=1_w2=0.5_asr_start=320_mask=True/sample_312|3.3088|2.8959|2.9444|3.4792|3.6942|2.3762|2.6147|4.7763|4.9102|0.1074|0.1397|0.0592|0.093|0.6678|0.5928|0.4678|0.472
DiT_Anechoic_LibSp_conditional-masked-melspec_w-masked-pix=1/dit-net_dim768_depth18_heads12_dim-head64_dropout0.1_ff_mult2_T400_betaT0.02/repeat_all_freq-length=30_skip=75_cp=112000_mel_text=False_phoneme-without-space_g2p-no-nn_lm-weight=0p5_ctc-weight=0p1_bs=80/w1=1_w2=0.5_asr_start=320_mask=True/sample_275|3.2935|3.3327|3.5988|3.4106|3.8703|1.3825|1.4695|4.6637|4.4884|0.327|0.2058|0.1425|0.1181|0.6985|0.7187|0.4227|0.5006
DiT_Anechoic_LibSp_conditional-masked-melspec_w-masked-pix=1/dit-net_dim768_depth18_heads12_dim-head64_dropout0.1_ff_mult2_T400_betaT0.02/repeat_all_freq-length=30_skip=75_cp=112000_mel_text=False_phoneme-without-space_g2p-no-nn_lm-weight=0p5_ctc-weight=0p1_bs=80/w1=1_w2=0.5_asr_start=320_mask=True/sample_833|3.2566|2.7737|3.2732|3.1469|4.1072|1.7605|1.7879|3.8176|3.7487|0.4395|0.3535|0.169|0.1696|0.6122|0.6682|0.4075|0.4515
DiT_Anechoic_LibSp_conditional-masked-melspec_w-masked-pix=1/dit-net_dim768_depth18_heads12_dim-head64_dropout0.1_ff_mult2_T400_betaT0.02/repeat_all_freq-length=30_skip=75_cp=112000_mel_text=False_phoneme-without-space_g2p-no-nn_lm-weight=0p5_ctc-weight=0p1_bs=80/w1=1_w2=0.5_asr_start=320_mask=True/sample_2061|3.2797|3.4018|3.3662|3.8522|3.7997|1.6524|1.7261|4.7253|4.6546|0.4712|0.4239|0.2192|0.1827|0.6238|0.6654|0.4247|0.4688
DiT_Anechoic_LibSp_conditional-masked-melspec_w-masked-pix=1/dit-net_dim768_depth18_heads12_dim-head64_dropout0.1_ff_mult2_T400_betaT0.02/repeat_all_freq-length=30_skip=75_cp=112000_mel_text=False_phoneme-without-space_g2p-no-nn_lm-weight=0p5_ctc-weight=0p1_bs=80/w1=1_w2=0.5_asr_start=320_mask=True/sample_1784|3.7199|3.1982|3.3778|3.5463|3.9165|1.5612|1.7413|4.2348|4.0949|0.2307|0.2011|0.1755|0.1153|0.6722|0.6439|0.3995|0.5171
DiT_Anechoic_LibSp_conditional-masked-melspec_w-masked-pix=1/dit-net_dim768_depth18_heads12_dim-head64_dropout0.1_ff_mult2_T400_betaT0.02/repeat_all_freq-length=30_skip=75_cp=112000_mel_text=False_phoneme-without-space_g2p-no-nn_lm-weight=0p5_ctc-weight=0p1_bs=80/w1=1_w2=0.5_asr_start=320_mask=True/sample_5|3.5535|3.1118|3.611|3.4688|3.7502|2.1343|2.0087|4.4408|4.2749|0.1794|0.1922|0.1472|0.1148|0.6338|0.5773|0.3675|0.4488
DiT_Anechoic_LibSp_conditional-masked-melspec_w-masked-pix=1/dit-net_dim768_depth18_heads12_dim-head64_dropout0.1_ff_mult2_T400_betaT0.02/repeat_all_freq-length=30_skip=75_cp=112000_mel_text=False_phoneme-without-space_g2p-no-nn_lm-weight=0p5_ctc-weight=0p1_bs=80/w1=1_w2=0.5_asr_start=320_mask=True/sample_494|2.9447|2.6231|2.94|3.0869|3.5826|1.4697|1.3157|4.6578|4.324|0.0788|0.2068|0.07|0.2057|0.6575|0.6484|0.3841|0.4581
DiT_Anechoic_LibSp_conditional-masked-melspec_w-masked-pix=1/dit-net_dim768_depth18_heads12_dim-head64_dropout0.1_ff_mult2_T400_betaT0.02/repeat_all_freq-length=30_skip=75_cp=112000_mel_text=False_phoneme-without-space_g2p-no-nn_lm-weight=0p5_ctc-weight=0p1_bs=80/w1=1_w2=0.5_asr_start=320_mask=True/sample_2410|2.9002|2.8818|2.8509|3.014|2.9135|1.9236|2.1388|4.7509|4.8119|0.3765|0.3523|0.1737|0.1733|0.5908|0.5706|0.4244|0.4439
DiT_Anechoic_LibSp_conditional-masked-melspec_w-masked-pix=1/dit-net_dim768_depth18_heads12_dim-head64_dropout0.1_ff_mult2_T400_betaT0.02/repeat_all_freq-length=30_skip=75_cp=112000_mel_text=False_phoneme-without-space_g2p-no-nn_lm-weight=0p5_ctc-weight=0p1_bs=80/w1=1_w2=0.5_asr_start=320_mask=True/sample_2096|3.2298|2.8292|3.1939|3.1231|3.6076|2.0487|2.2015|4.3113|3.6675|0.1916|0.236|0.1539|0.1607|0.6833|0.7101|0.3698|0.4319
DiT_Anechoic_LibSp_conditional-masked-melspec_w-masked-pix=1/dit-net_dim768_depth18_heads12_dim-head64_dropout0.1_ff_mult2_T400_betaT0.02/repeat_all_freq-length=30_skip=75_cp=112000_mel_text=False_phoneme-without-space_g2p-no-nn_lm-weight=0p5_ctc-weight=0p1_bs=80/w1=1_w2=0.5_asr_start=320_mask=True/sample_208|2.8417|2.764|3.1161|3.0957|3.3535|1.7085|1.735|5.0356|5.0512|0.4508|0.3662|0.2629|0.1683|0.6455|0.6731|0.4443|0.4848
DiT_Anechoic_LibSp_conditional-masked-melspec_w-masked-pix=1/dit-net_dim768_depth18_heads12_dim-head64_dropout0.1_ff_mult2_T400_betaT0.02/repeat_all_freq-length=30_skip=75_cp=112000_mel_text=False_phoneme-without-space_g2p-no-nn_lm-weight=0p5_ctc-weight=0p1_bs=80/w1=1_w2=0.5_asr_start=320_mask=True/sample_1864|3.2577|3.0012|3.244|3.0293|3.4591|1.8222|2.2805|5.7238|5.6748|0.3835|0.292|0.3333|0.1533|0.6511|0.7232|0.4404|0.4744
DiT_Anechoic_LibSp_conditional-masked-melspec_w-masked-pix=1/dit-net_dim768_depth18_heads12_dim-head64_dropout0.1_ff_mult2_T400_betaT0.02/repeat_all_freq-length=30_skip=75_cp=112000_mel_text=False_phoneme-without-space_g2p-no-nn_lm-weight=0p5_ctc-weight=0p1_bs=80/w1=1_w2=0.5_asr_start=320_mask=True/sample_2401|3.177|3.1524|3.2503|3.3999|3.4539|1.5413|1.6239|4.445|4.2226|0.373|0.2914|0.153|0.1268|0.7345|0.7171|0.5424|0.5458
DiT_Anechoic_LibSp_conditional-masked-melspec_w-masked-pix=1/dit-net_dim768_depth18_heads12_dim-head64_dropout0.1_ff_mult2_T400_betaT0.02/repeat_all_freq-length=30_skip=75_cp=112000_mel_text=False_phoneme-without-space_g2p-no-nn_lm-weight=0p5_ctc-weight=0p1_bs=80/w1=1_w2=0.5_asr_start=320_mask=True/sample_2035|3.27|3.3243|3.4458|3.8615|4.0532|1.5583|1.5639|3.086|3.0829|0.2422|0.2624|0.2487|0.0797|0.6091|0.6198|0.4981|0.5147
DiT_Anechoic_LibSp_conditional-masked-melspec_w-masked-pix=1/dit-net_dim768_depth18_heads12_dim-head64_dropout0.1_ff_mult2_T400_betaT0.02/repeat_all_freq-length=30_skip=75_cp=112000_mel_text=False_phoneme-without-space_g2p-no-nn_lm-weight=0p5_ctc-weight=0p1_bs=80/w1=1_w2=0.5_asr_start=320_mask=True/sample_1083|3.2742|2.6505|3.084|3.0297|3.6014|2.1103|2.1537|3.7851|3.4746|0.288|0.276|0.2595|0.1898|0.6417|0.5849|0.3999|0.4798
DiT_Anechoic_LibSp_conditional-masked-melspec_w-masked-pix=1/dit-net_dim768_depth18_heads12_dim-head64_dropout0.1_ff_mult2_T400_betaT0.02/repeat_all_freq-length=30_skip=75_cp=112000_mel_text=False_phoneme-without-space_g2p-no-nn_lm-weight=0p5_ctc-weight=0p1_bs=80/w1=1_w2=0.5_asr_start=320_mask=True/sample_180|2.8915|3.0826|3.412|3.2165|3.6679|1.7053|1.7485|5.0768|4.807|0.3143|0.3578|0.3404|0.2443|0.6507|0.66|0.4022|0.4808
DiT_Anechoic_LibSp_conditional-masked-melspec_w-masked-pix=1/dit-net_dim768_depth18_heads12_dim-head64_dropout0.1_ff_mult2_T400_betaT0.02/repeat_all_freq-length=30_skip=75_cp=112000_mel_text=False_phoneme-without-space_g2p-no-nn_lm-weight=0p5_ctc-weight=0p1_bs=80/w1=1_w2=0.5_asr_start=320_mask=True/sample_2423|3.2044|2.6662|2.9192|3.0417|3.2257|1.6933|1.8012|4.4026|4.0715|0.2798|0.2628|0.1896|0.1211|0.6254|0.6034|0.4328|0.4713
