sample_path|distance_mos_hifi_gan|masked_distance_mos_hifi_gan
DiT_Anechoic_LibSp_conditional-masked-melspec_w-masked-pix=1/dit-net_dim768_depth18_heads12_dim-head64_dropout0.1_ff_mult2_T400_betaT0.02/repeat_all_freq-length=30_skip=75_cp=112000_mel_text=False_phoneme-without-space_g2p-no-nn_lm-weight=0p5_ctc-weight=0p1_bs=80/w1=1_w2=0.5_asr_start=320_mask=True/sample_2162|0.1523|1.0398
DiT_Anechoic_LibSp_conditional-masked-melspec_w-masked-pix=1/dit-net_dim768_depth18_heads12_dim-head64_dropout0.1_ff_mult2_T400_betaT0.02/repeat_all_freq-length=30_skip=75_cp=112000_mel_text=False_phoneme-without-space_g2p-no-nn_lm-weight=0p5_ctc-weight=0p1_bs=80/w1=1_w2=0.5_asr_start=320_mask=True/sample_69|0.2219|0.998
DiT_Anechoic_LibSp_conditional-masked-melspec_w-masked-pix=1/dit-net_dim768_depth18_heads12_dim-head64_dropout0.1_ff_mult2_T400_betaT0.02/repeat_all_freq-length=30_skip=75_cp=112000_mel_text=False_phoneme-without-space_g2p-no-nn_lm-weight=0p5_ctc-weight=0p1_bs=80/w1=1_w2=0.5_asr_start=320_mask=True/sample_1885|0.3877|0.9408
DiT_Anechoic_LibSp_conditional-masked-melspec_w-masked-pix=1/dit-net_dim768_depth18_heads12_dim-head64_dropout0.1_ff_mult2_T400_betaT0.02/repeat_all_freq-length=30_skip=75_cp=112000_mel_text=False_phoneme-without-space_g2p-no-nn_lm-weight=0p5_ctc-weight=0p1_bs=80/w1=1_w2=0.5_asr_start=320_mask=True/sample_317|0.2199|0.9644
DiT_Anechoic_LibSp_conditional-masked-melspec_w-masked-pix=1/dit-net_dim768_depth18_heads12_dim-head64_dropout0.1_ff_mult2_T400_betaT0.02/repeat_all_freq-length=30_skip=75_cp=112000_mel_text=False_phoneme-without-space_g2p-no-nn_lm-weight=0p5_ctc-weight=0p1_bs=80/w1=1_w2=0.5_asr_start=320_mask=True/sample_1861|0.1916|0.8997
DiT_Anechoic_LibSp_conditional-masked-melspec_w-masked-pix=1/dit-net_dim768_depth18_heads12_dim-head64_dropout0.1_ff_mult2_T400_betaT0.02/repeat_all_freq-length=30_skip=75_cp=112000_mel_text=False_phoneme-without-space_g2p-no-nn_lm-weight=0p5_ctc-weight=0p1_bs=80/w1=1_w2=0.5_asr_start=320_mask=True/sample_80|0.0923|0.886
DiT_Anechoic_LibSp_conditional-masked-melspec_w-masked-pix=1/dit-net_dim768_depth18_heads12_dim-head64_dropout0.1_ff_mult2_T400_betaT0.02/repeat_all_freq-length=30_skip=75_cp=112000_mel_text=False_phoneme-without-space_g2p-no-nn_lm-weight=0p5_ctc-weight=0p1_bs=80/w1=1_w2=0.5_asr_start=320_mask=True/sample_1962|0.1994|0.9316
DiT_Anechoic_LibSp_conditional-masked-melspec_w-masked-pix=1/dit-net_dim768_depth18_heads12_dim-head64_dropout0.1_ff_mult2_T400_betaT0.02/repeat_all_freq-length=30_skip=75_cp=112000_mel_text=False_phoneme-without-space_g2p-no-nn_lm-weight=0p5_ctc-weight=0p1_bs=80/w1=1_w2=0.5_asr_start=320_mask=True/sample_304|0.3141|0.8903
DiT_Anechoic_LibSp_conditional-masked-melspec_w-masked-pix=1/dit-net_dim768_depth18_heads12_dim-head64_dropout0.1_ff_mult2_T400_betaT0.02/repeat_all_freq-length=30_skip=75_cp=112000_mel_text=False_phoneme-without-space_g2p-no-nn_lm-weight=0p5_ctc-weight=0p1_bs=80/w1=1_w2=0.5_asr_start=320_mask=True/sample_1816|0.4306|0.7436
DiT_Anechoic_LibSp_conditional-masked-melspec_w-masked-pix=1/dit-net_dim768_depth18_heads12_dim-head64_dropout0.1_ff_mult2_T400_betaT0.02/repeat_all_freq-length=30_skip=75_cp=112000_mel_text=False_phoneme-without-space_g2p-no-nn_lm-weight=0p5_ctc-weight=0p1_bs=80/w1=1_w2=0.5_asr_start=320_mask=True/sample_1529|0.1752|0.8501
DiT_Anechoic_LibSp_conditional-masked-melspec_w-masked-pix=1/dit-net_dim768_depth18_heads12_dim-head64_dropout0.1_ff_mult2_T400_betaT0.02/repeat_all_freq-length=30_skip=75_cp=112000_mel_text=False_phoneme-without-space_g2p-no-nn_lm-weight=0p5_ctc-weight=0p1_bs=80/w1=1_w2=0.5_asr_start=320_mask=True/sample_1667|0.1715|0.9229
DiT_Anechoic_LibSp_conditional-masked-melspec_w-masked-pix=1/dit-net_dim768_depth18_heads12_dim-head64_dropout0.1_ff_mult2_T400_betaT0.02/repeat_all_freq-length=30_skip=75_cp=112000_mel_text=False_phoneme-without-space_g2p-no-nn_lm-weight=0p5_ctc-weight=0p1_bs=80/w1=1_w2=0.5_asr_start=320_mask=True/sample_1809|0.199|0.8309
DiT_Anechoic_LibSp_conditional-masked-melspec_w-masked-pix=1/dit-net_dim768_depth18_heads12_dim-head64_dropout0.1_ff_mult2_T400_betaT0.02/repeat_all_freq-length=30_skip=75_cp=112000_mel_text=False_phoneme-without-space_g2p-no-nn_lm-weight=0p5_ctc-weight=0p1_bs=80/w1=1_w2=0.5_asr_start=320_mask=True/sample_582|0.2221|0.9306
DiT_Anechoic_LibSp_conditional-masked-melspec_w-masked-pix=1/dit-net_dim768_depth18_heads12_dim-head64_dropout0.1_ff_mult2_T400_betaT0.02/repeat_all_freq-length=30_skip=75_cp=112000_mel_text=False_phoneme-without-space_g2p-no-nn_lm-weight=0p5_ctc-weight=0p1_bs=80/w1=1_w2=0.5_asr_start=320_mask=True/sample_1845|0.1982|0.9579
DiT_Anechoic_LibSp_conditional-masked-melspec_w-masked-pix=1/dit-net_dim768_depth18_heads12_dim-head64_dropout0.1_ff_mult2_T400_betaT0.02/repeat_all_freq-length=30_skip=75_cp=112000_mel_text=False_phoneme-without-space_g2p-no-nn_lm-weight=0p5_ctc-weight=0p1_bs=80/w1=1_w2=0.5_asr_start=320_mask=True/sample_610|0.1419|0.8132
DiT_Anechoic_LibSp_conditional-masked-melspec_w-masked-pix=1/dit-net_dim768_depth18_heads12_dim-head64_dropout0.1_ff_mult2_T400_betaT0.02/repeat_all_freq-length=30_skip=75_cp=112000_mel_text=False_phoneme-without-space_g2p-no-nn_lm-weight=0p5_ctc-weight=0p1_bs=80/w1=1_w2=0.5_asr_start=320_mask=True/sample_504|0.2012|1.0849
DiT_Anechoic_LibSp_conditional-masked-melspec_w-masked-pix=1/dit-net_dim768_depth18_heads12_dim-head64_dropout0.1_ff_mult2_T400_betaT0.02/repeat_all_freq-length=30_skip=75_cp=112000_mel_text=False_phoneme-without-space_g2p-no-nn_lm-weight=0p5_ctc-weight=0p1_bs=80/w1=1_w2=0.5_asr_start=320_mask=True/sample_244|0.303|1.088
DiT_Anechoic_LibSp_conditional-masked-melspec_w-masked-pix=1/dit-net_dim768_depth18_heads12_dim-head64_dropout0.1_ff_mult2_T400_betaT0.02/repeat_all_freq-length=30_skip=75_cp=112000_mel_text=False_phoneme-without-space_g2p-no-nn_lm-weight=0p5_ctc-weight=0p1_bs=80/w1=1_w2=0.5_asr_start=320_mask=True/sample_2265|0.1739|1.0249
DiT_Anechoic_LibSp_conditional-masked-melspec_w-masked-pix=1/dit-net_dim768_depth18_heads12_dim-head64_dropout0.1_ff_mult2_T400_betaT0.02/repeat_all_freq-length=30_skip=75_cp=112000_mel_text=False_phoneme-without-space_g2p-no-nn_lm-weight=0p5_ctc-weight=0p1_bs=80/w1=1_w2=0.5_asr_start=320_mask=True/sample_909|0.168|0.9113
DiT_Anechoic_LibSp_conditional-masked-melspec_w-masked-pix=1/dit-net_dim768_depth18_heads12_dim-head64_dropout0.1_ff_mult2_T400_betaT0.02/repeat_all_freq-length=30_skip=75_cp=112000_mel_text=False_phoneme-without-space_g2p-no-nn_lm-weight=0p5_ctc-weight=0p1_bs=80/w1=1_w2=0.5_asr_start=320_mask=True/sample_19|0.2514|1.073
DiT_Anechoic_LibSp_conditional-masked-melspec_w-masked-pix=1/dit-net_dim768_depth18_heads12_dim-head64_dropout0.1_ff_mult2_T400_betaT0.02/repeat_all_freq-length=30_skip=75_cp=112000_mel_text=False_phoneme-without-space_g2p-no-nn_lm-weight=0p5_ctc-weight=0p1_bs=80/w1=1_w2=0.5_asr_start=320_mask=True/sample_404|0.2456|1.0622
DiT_Anechoic_LibSp_conditional-masked-melspec_w-masked-pix=1/dit-net_dim768_depth18_heads12_dim-head64_dropout0.1_ff_mult2_T400_betaT0.02/repeat_all_freq-length=30_skip=75_cp=112000_mel_text=False_phoneme-without-space_g2p-no-nn_lm-weight=0p5_ctc-weight=0p1_bs=80/w1=1_w2=0.5_asr_start=320_mask=True/sample_378|0.3702|1.0491
DiT_Anechoic_LibSp_conditional-masked-melspec_w-masked-pix=1/dit-net_dim768_depth18_heads12_dim-head64_dropout0.1_ff_mult2_T400_betaT0.02/repeat_all_freq-length=30_skip=75_cp=112000_mel_text=False_phoneme-without-space_g2p-no-nn_lm-weight=0p5_ctc-weight=0p1_bs=80/w1=1_w2=0.5_asr_start=320_mask=True/sample_1697|0.213|0.9799
DiT_Anechoic_LibSp_conditional-masked-melspec_w-masked-pix=1/dit-net_dim768_depth18_heads12_dim-head64_dropout0.1_ff_mult2_T400_betaT0.02/repeat_all_freq-length=30_skip=75_cp=112000_mel_text=False_phoneme-without-space_g2p-no-nn_lm-weight=0p5_ctc-weight=0p1_bs=80/w1=1_w2=0.5_asr_start=320_mask=True/sample_2068|0.1688|0.9442
DiT_Anechoic_LibSp_conditional-masked-melspec_w-masked-pix=1/dit-net_dim768_depth18_heads12_dim-head64_dropout0.1_ff_mult2_T400_betaT0.02/repeat_all_freq-length=30_skip=75_cp=112000_mel_text=False_phoneme-without-space_g2p-no-nn_lm-weight=0p5_ctc-weight=0p1_bs=80/w1=1_w2=0.5_asr_start=320_mask=True/sample_500|0.178|1.1597
DiT_Anechoic_LibSp_conditional-masked-melspec_w-masked-pix=1/dit-net_dim768_depth18_heads12_dim-head64_dropout0.1_ff_mult2_T400_betaT0.02/repeat_all_freq-length=30_skip=75_cp=112000_mel_text=False_phoneme-without-space_g2p-no-nn_lm-weight=0p5_ctc-weight=0p1_bs=80/w1=1_w2=0.5_asr_start=320_mask=True/sample_1119|0.2777|0.8334
DiT_Anechoic_LibSp_conditional-masked-melspec_w-masked-pix=1/dit-net_dim768_depth18_heads12_dim-head64_dropout0.1_ff_mult2_T400_betaT0.02/repeat_all_freq-length=30_skip=75_cp=112000_mel_text=False_phoneme-without-space_g2p-no-nn_lm-weight=0p5_ctc-weight=0p1_bs=80/w1=1_w2=0.5_asr_start=320_mask=True/sample_915|0.2488|0.8618
DiT_Anechoic_LibSp_conditional-masked-melspec_w-masked-pix=1/dit-net_dim768_depth18_heads12_dim-head64_dropout0.1_ff_mult2_T400_betaT0.02/repeat_all_freq-length=30_skip=75_cp=112000_mel_text=False_phoneme-without-space_g2p-no-nn_lm-weight=0p5_ctc-weight=0p1_bs=80/w1=1_w2=0.5_asr_start=320_mask=True/sample_526|0.1337|0.9955
DiT_Anechoic_LibSp_conditional-masked-melspec_w-masked-pix=1/dit-net_dim768_depth18_heads12_dim-head64_dropout0.1_ff_mult2_T400_betaT0.02/repeat_all_freq-length=30_skip=75_cp=112000_mel_text=False_phoneme-without-space_g2p-no-nn_lm-weight=0p5_ctc-weight=0p1_bs=80/w1=1_w2=0.5_asr_start=320_mask=True/sample_603|0.2447|1.0098
DiT_Anechoic_LibSp_conditional-masked-melspec_w-masked-pix=1/dit-net_dim768_depth18_heads12_dim-head64_dropout0.1_ff_mult2_T400_betaT0.02/repeat_all_freq-length=30_skip=75_cp=112000_mel_text=False_phoneme-without-space_g2p-no-nn_lm-weight=0p5_ctc-weight=0p1_bs=80/w1=1_w2=0.5_asr_start=320_mask=True/sample_1425|0.2279|0.9684
DiT_Anechoic_LibSp_conditional-masked-melspec_w-masked-pix=1/dit-net_dim768_depth18_heads12_dim-head64_dropout0.1_ff_mult2_T400_betaT0.02/repeat_all_freq-length=30_skip=75_cp=112000_mel_text=False_phoneme-without-space_g2p-no-nn_lm-weight=0p5_ctc-weight=0p1_bs=80/w1=1_w2=0.5_asr_start=320_mask=True/sample_1797|0.1925|0.8551
DiT_Anechoic_LibSp_conditional-masked-melspec_w-masked-pix=1/dit-net_dim768_depth18_heads12_dim-head64_dropout0.1_ff_mult2_T400_betaT0.02/repeat_all_freq-length=30_skip=75_cp=112000_mel_text=False_phoneme-without-space_g2p-no-nn_lm-weight=0p5_ctc-weight=0p1_bs=80/w1=1_w2=0.5_asr_start=320_mask=True/sample_1061|0.231|0.7787
DiT_Anechoic_LibSp_conditional-masked-melspec_w-masked-pix=1/dit-net_dim768_depth18_heads12_dim-head64_dropout0.1_ff_mult2_T400_betaT0.02/repeat_all_freq-length=30_skip=75_cp=112000_mel_text=False_phoneme-without-space_g2p-no-nn_lm-weight=0p5_ctc-weight=0p1_bs=80/w1=1_w2=0.5_asr_start=320_mask=True/sample_1002|0.146|0.8424
DiT_Anechoic_LibSp_conditional-masked-melspec_w-masked-pix=1/dit-net_dim768_depth18_heads12_dim-head64_dropout0.1_ff_mult2_T400_betaT0.02/repeat_all_freq-length=30_skip=75_cp=112000_mel_text=False_phoneme-without-space_g2p-no-nn_lm-weight=0p5_ctc-weight=0p1_bs=80/w1=1_w2=0.5_asr_start=320_mask=True/sample_275|0.1422|0.9975
DiT_Anechoic_LibSp_conditional-masked-melspec_w-masked-pix=1/dit-net_dim768_depth18_heads12_dim-head64_dropout0.1_ff_mult2_T400_betaT0.02/repeat_all_freq-length=30_skip=75_cp=112000_mel_text=False_phoneme-without-space_g2p-no-nn_lm-weight=0p5_ctc-weight=0p1_bs=80/w1=1_w2=0.5_asr_start=320_mask=True/sample_312|0.3353|0.8089
DiT_Anechoic_LibSp_conditional-masked-melspec_w-masked-pix=1/dit-net_dim768_depth18_heads12_dim-head64_dropout0.1_ff_mult2_T400_betaT0.02/repeat_all_freq-length=30_skip=75_cp=112000_mel_text=False_phoneme-without-space_g2p-no-nn_lm-weight=0p5_ctc-weight=0p1_bs=80/w1=1_w2=0.5_asr_start=320_mask=True/sample_847|0.2107|1.0588
DiT_Anechoic_LibSp_conditional-masked-melspec_w-masked-pix=1/dit-net_dim768_depth18_heads12_dim-head64_dropout0.1_ff_mult2_T400_betaT0.02/repeat_all_freq-length=30_skip=75_cp=112000_mel_text=False_phoneme-without-space_g2p-no-nn_lm-weight=0p5_ctc-weight=0p1_bs=80/w1=1_w2=0.5_asr_start=320_mask=True/sample_833|0.367|0.8287
DiT_Anechoic_LibSp_conditional-masked-melspec_w-masked-pix=1/dit-net_dim768_depth18_heads12_dim-head64_dropout0.1_ff_mult2_T400_betaT0.02/repeat_all_freq-length=30_skip=75_cp=112000_mel_text=False_phoneme-without-space_g2p-no-nn_lm-weight=0p5_ctc-weight=0p1_bs=80/w1=1_w2=0.5_asr_start=320_mask=True/sample_2061|0.2086|0.8415
DiT_Anechoic_LibSp_conditional-masked-melspec_w-masked-pix=1/dit-net_dim768_depth18_heads12_dim-head64_dropout0.1_ff_mult2_T400_betaT0.02/repeat_all_freq-length=30_skip=75_cp=112000_mel_text=False_phoneme-without-space_g2p-no-nn_lm-weight=0p5_ctc-weight=0p1_bs=80/w1=1_w2=0.5_asr_start=320_mask=True/sample_1784|0.1505|0.815
DiT_Anechoic_LibSp_conditional-masked-melspec_w-masked-pix=1/dit-net_dim768_depth18_heads12_dim-head64_dropout0.1_ff_mult2_T400_betaT0.02/repeat_all_freq-length=30_skip=75_cp=112000_mel_text=False_phoneme-without-space_g2p-no-nn_lm-weight=0p5_ctc-weight=0p1_bs=80/w1=1_w2=0.5_asr_start=320_mask=True/sample_5|0.1303|0.9542
DiT_Anechoic_LibSp_conditional-masked-melspec_w-masked-pix=1/dit-net_dim768_depth18_heads12_dim-head64_dropout0.1_ff_mult2_T400_betaT0.02/repeat_all_freq-length=30_skip=75_cp=112000_mel_text=False_phoneme-without-space_g2p-no-nn_lm-weight=0p5_ctc-weight=0p1_bs=80/w1=1_w2=0.5_asr_start=320_mask=True/sample_2410|0.2225|0.9901
DiT_Anechoic_LibSp_conditional-masked-melspec_w-masked-pix=1/dit-net_dim768_depth18_heads12_dim-head64_dropout0.1_ff_mult2_T400_betaT0.02/repeat_all_freq-length=30_skip=75_cp=112000_mel_text=False_phoneme-without-space_g2p-no-nn_lm-weight=0p5_ctc-weight=0p1_bs=80/w1=1_w2=0.5_asr_start=320_mask=True/sample_494|0.2638|1.1124
DiT_Anechoic_LibSp_conditional-masked-melspec_w-masked-pix=1/dit-net_dim768_depth18_heads12_dim-head64_dropout0.1_ff_mult2_T400_betaT0.02/repeat_all_freq-length=30_skip=75_cp=112000_mel_text=False_phoneme-without-space_g2p-no-nn_lm-weight=0p5_ctc-weight=0p1_bs=80/w1=1_w2=0.5_asr_start=320_mask=True/sample_2423|0.2136|0.9975
DiT_Anechoic_LibSp_conditional-masked-melspec_w-masked-pix=1/dit-net_dim768_depth18_heads12_dim-head64_dropout0.1_ff_mult2_T400_betaT0.02/repeat_all_freq-length=30_skip=75_cp=112000_mel_text=False_phoneme-without-space_g2p-no-nn_lm-weight=0p5_ctc-weight=0p1_bs=80/w1=1_w2=0.5_asr_start=320_mask=True/sample_2096|0.3553|0.8922
DiT_Anechoic_LibSp_conditional-masked-melspec_w-masked-pix=1/dit-net_dim768_depth18_heads12_dim-head64_dropout0.1_ff_mult2_T400_betaT0.02/repeat_all_freq-length=30_skip=75_cp=112000_mel_text=False_phoneme-without-space_g2p-no-nn_lm-weight=0p5_ctc-weight=0p1_bs=80/w1=1_w2=0.5_asr_start=320_mask=True/sample_208|0.2067|1.0697
DiT_Anechoic_LibSp_conditional-masked-melspec_w-masked-pix=1/dit-net_dim768_depth18_heads12_dim-head64_dropout0.1_ff_mult2_T400_betaT0.02/repeat_all_freq-length=30_skip=75_cp=112000_mel_text=False_phoneme-without-space_g2p-no-nn_lm-weight=0p5_ctc-weight=0p1_bs=80/w1=1_w2=0.5_asr_start=320_mask=True/sample_1864|0.1553|0.9463
DiT_Anechoic_LibSp_conditional-masked-melspec_w-masked-pix=1/dit-net_dim768_depth18_heads12_dim-head64_dropout0.1_ff_mult2_T400_betaT0.02/repeat_all_freq-length=30_skip=75_cp=112000_mel_text=False_phoneme-without-space_g2p-no-nn_lm-weight=0p5_ctc-weight=0p1_bs=80/w1=1_w2=0.5_asr_start=320_mask=True/sample_2401|0.1877|0.966
DiT_Anechoic_LibSp_conditional-masked-melspec_w-masked-pix=1/dit-net_dim768_depth18_heads12_dim-head64_dropout0.1_ff_mult2_T400_betaT0.02/repeat_all_freq-length=30_skip=75_cp=112000_mel_text=False_phoneme-without-space_g2p-no-nn_lm-weight=0p5_ctc-weight=0p1_bs=80/w1=1_w2=0.5_asr_start=320_mask=True/sample_180|0.1916|0.9911
DiT_Anechoic_LibSp_conditional-masked-melspec_w-masked-pix=1/dit-net_dim768_depth18_heads12_dim-head64_dropout0.1_ff_mult2_T400_betaT0.02/repeat_all_freq-length=30_skip=75_cp=112000_mel_text=False_phoneme-without-space_g2p-no-nn_lm-weight=0p5_ctc-weight=0p1_bs=80/w1=1_w2=0.5_asr_start=320_mask=True/sample_2035|0.1685|0.8597
DiT_Anechoic_LibSp_conditional-masked-melspec_w-masked-pix=1/dit-net_dim768_depth18_heads12_dim-head64_dropout0.1_ff_mult2_T400_betaT0.02/repeat_all_freq-length=30_skip=75_cp=112000_mel_text=False_phoneme-without-space_g2p-no-nn_lm-weight=0p5_ctc-weight=0p1_bs=80/w1=1_w2=0.5_asr_start=320_mask=True/sample_1083|0.3608|0.8596
DiT_Anechoic_LibSp_conditional-masked-melspec_w-masked-pix=1/dit-net_dim768_depth18_heads12_dim-head64_dropout0.1_ff_mult2_T400_betaT0.02/repeat_all_freq-length=20_skip=50_cp=112000_mel_text=False_phoneme-without-space_g2p-no-nn_lm-weight=0p5_ctc-weight=0p1_bs=80/w1=1_w2=0.5_asr_start=320_mask=True/sample_2162|0.1888|1.1581
DiT_Anechoic_LibSp_conditional-masked-melspec_w-masked-pix=1/dit-net_dim768_depth18_heads12_dim-head64_dropout0.1_ff_mult2_T400_betaT0.02/repeat_all_freq-length=20_skip=50_cp=112000_mel_text=False_phoneme-without-space_g2p-no-nn_lm-weight=0p5_ctc-weight=0p1_bs=80/w1=1_w2=0.5_asr_start=320_mask=True/sample_69|0.1799|1.1703
DiT_Anechoic_LibSp_conditional-masked-melspec_w-masked-pix=1/dit-net_dim768_depth18_heads12_dim-head64_dropout0.1_ff_mult2_T400_betaT0.02/repeat_all_freq-length=20_skip=50_cp=112000_mel_text=False_phoneme-without-space_g2p-no-nn_lm-weight=0p5_ctc-weight=0p1_bs=80/w1=1_w2=0.5_asr_start=320_mask=True/sample_1885|0.2296|1.1293
DiT_Anechoic_LibSp_conditional-masked-melspec_w-masked-pix=1/dit-net_dim768_depth18_heads12_dim-head64_dropout0.1_ff_mult2_T400_betaT0.02/repeat_all_freq-length=20_skip=50_cp=112000_mel_text=False_phoneme-without-space_g2p-no-nn_lm-weight=0p5_ctc-weight=0p1_bs=80/w1=1_w2=0.5_asr_start=320_mask=True/sample_317|0.1351|1.0906
DiT_Anechoic_LibSp_conditional-masked-melspec_w-masked-pix=1/dit-net_dim768_depth18_heads12_dim-head64_dropout0.1_ff_mult2_T400_betaT0.02/repeat_all_freq-length=20_skip=50_cp=112000_mel_text=False_phoneme-without-space_g2p-no-nn_lm-weight=0p5_ctc-weight=0p1_bs=80/w1=1_w2=0.5_asr_start=320_mask=True/sample_1861|0.2819|1.1073
DiT_Anechoic_LibSp_conditional-masked-melspec_w-masked-pix=1/dit-net_dim768_depth18_heads12_dim-head64_dropout0.1_ff_mult2_T400_betaT0.02/repeat_all_freq-length=20_skip=50_cp=112000_mel_text=False_phoneme-without-space_g2p-no-nn_lm-weight=0p5_ctc-weight=0p1_bs=80/w1=1_w2=0.5_asr_start=320_mask=True/sample_80|0.1692|1.0765
DiT_Anechoic_LibSp_conditional-masked-melspec_w-masked-pix=1/dit-net_dim768_depth18_heads12_dim-head64_dropout0.1_ff_mult2_T400_betaT0.02/repeat_all_freq-length=20_skip=50_cp=112000_mel_text=False_phoneme-without-space_g2p-no-nn_lm-weight=0p5_ctc-weight=0p1_bs=80/w1=1_w2=0.5_asr_start=320_mask=True/sample_1962|0.2412|0.958
DiT_Anechoic_LibSp_conditional-masked-melspec_w-masked-pix=1/dit-net_dim768_depth18_heads12_dim-head64_dropout0.1_ff_mult2_T400_betaT0.02/repeat_all_freq-length=20_skip=50_cp=112000_mel_text=False_phoneme-without-space_g2p-no-nn_lm-weight=0p5_ctc-weight=0p1_bs=80/w1=1_w2=0.5_asr_start=320_mask=True/sample_304|0.1911|1.1004
DiT_Anechoic_LibSp_conditional-masked-melspec_w-masked-pix=1/dit-net_dim768_depth18_heads12_dim-head64_dropout0.1_ff_mult2_T400_betaT0.02/repeat_all_freq-length=20_skip=50_cp=112000_mel_text=False_phoneme-without-space_g2p-no-nn_lm-weight=0p5_ctc-weight=0p1_bs=80/w1=1_w2=0.5_asr_start=320_mask=True/sample_1816|0.3891|1.1554
DiT_Anechoic_LibSp_conditional-masked-melspec_w-masked-pix=1/dit-net_dim768_depth18_heads12_dim-head64_dropout0.1_ff_mult2_T400_betaT0.02/repeat_all_freq-length=20_skip=50_cp=112000_mel_text=False_phoneme-without-space_g2p-no-nn_lm-weight=0p5_ctc-weight=0p1_bs=80/w1=1_w2=0.5_asr_start=320_mask=True/sample_1529|0.1647|1.076
DiT_Anechoic_LibSp_conditional-masked-melspec_w-masked-pix=1/dit-net_dim768_depth18_heads12_dim-head64_dropout0.1_ff_mult2_T400_betaT0.02/repeat_all_freq-length=20_skip=50_cp=112000_mel_text=False_phoneme-without-space_g2p-no-nn_lm-weight=0p5_ctc-weight=0p1_bs=80/w1=1_w2=0.5_asr_start=320_mask=True/sample_1667|0.2253|1.0681
DiT_Anechoic_LibSp_conditional-masked-melspec_w-masked-pix=1/dit-net_dim768_depth18_heads12_dim-head64_dropout0.1_ff_mult2_T400_betaT0.02/repeat_all_freq-length=20_skip=50_cp=112000_mel_text=False_phoneme-without-space_g2p-no-nn_lm-weight=0p5_ctc-weight=0p1_bs=80/w1=1_w2=0.5_asr_start=320_mask=True/sample_1809|0.255|1.0711
DiT_Anechoic_LibSp_conditional-masked-melspec_w-masked-pix=1/dit-net_dim768_depth18_heads12_dim-head64_dropout0.1_ff_mult2_T400_betaT0.02/repeat_all_freq-length=20_skip=50_cp=112000_mel_text=False_phoneme-without-space_g2p-no-nn_lm-weight=0p5_ctc-weight=0p1_bs=80/w1=1_w2=0.5_asr_start=320_mask=True/sample_582|0.1832|1.0407
DiT_Anechoic_LibSp_conditional-masked-melspec_w-masked-pix=1/dit-net_dim768_depth18_heads12_dim-head64_dropout0.1_ff_mult2_T400_betaT0.02/repeat_all_freq-length=20_skip=50_cp=112000_mel_text=False_phoneme-without-space_g2p-no-nn_lm-weight=0p5_ctc-weight=0p1_bs=80/w1=1_w2=0.5_asr_start=320_mask=True/sample_1845|0.2798|1.1448
DiT_Anechoic_LibSp_conditional-masked-melspec_w-masked-pix=1/dit-net_dim768_depth18_heads12_dim-head64_dropout0.1_ff_mult2_T400_betaT0.02/repeat_all_freq-length=20_skip=50_cp=112000_mel_text=False_phoneme-without-space_g2p-no-nn_lm-weight=0p5_ctc-weight=0p1_bs=80/w1=1_w2=0.5_asr_start=320_mask=True/sample_610|0.194|1.1229
DiT_Anechoic_LibSp_conditional-masked-melspec_w-masked-pix=1/dit-net_dim768_depth18_heads12_dim-head64_dropout0.1_ff_mult2_T400_betaT0.02/repeat_all_freq-length=20_skip=50_cp=112000_mel_text=False_phoneme-without-space_g2p-no-nn_lm-weight=0p5_ctc-weight=0p1_bs=80/w1=1_w2=0.5_asr_start=320_mask=True/sample_504|0.1765|1.1484
DiT_Anechoic_LibSp_conditional-masked-melspec_w-masked-pix=1/dit-net_dim768_depth18_heads12_dim-head64_dropout0.1_ff_mult2_T400_betaT0.02/repeat_all_freq-length=20_skip=50_cp=112000_mel_text=False_phoneme-without-space_g2p-no-nn_lm-weight=0p5_ctc-weight=0p1_bs=80/w1=1_w2=0.5_asr_start=320_mask=True/sample_244|0.2908|1.164
DiT_Anechoic_LibSp_conditional-masked-melspec_w-masked-pix=1/dit-net_dim768_depth18_heads12_dim-head64_dropout0.1_ff_mult2_T400_betaT0.02/repeat_all_freq-length=20_skip=50_cp=112000_mel_text=False_phoneme-without-space_g2p-no-nn_lm-weight=0p5_ctc-weight=0p1_bs=80/w1=1_w2=0.5_asr_start=320_mask=True/sample_2265|0.186|1.1101
DiT_Anechoic_LibSp_conditional-masked-melspec_w-masked-pix=1/dit-net_dim768_depth18_heads12_dim-head64_dropout0.1_ff_mult2_T400_betaT0.02/repeat_all_freq-length=20_skip=50_cp=112000_mel_text=False_phoneme-without-space_g2p-no-nn_lm-weight=0p5_ctc-weight=0p1_bs=80/w1=1_w2=0.5_asr_start=320_mask=True/sample_909|0.2832|1.0511
DiT_Anechoic_LibSp_conditional-masked-melspec_w-masked-pix=1/dit-net_dim768_depth18_heads12_dim-head64_dropout0.1_ff_mult2_T400_betaT0.02/repeat_all_freq-length=20_skip=50_cp=112000_mel_text=False_phoneme-without-space_g2p-no-nn_lm-weight=0p5_ctc-weight=0p1_bs=80/w1=1_w2=0.5_asr_start=320_mask=True/sample_19|0.3247|1.1569
DiT_Anechoic_LibSp_conditional-masked-melspec_w-masked-pix=1/dit-net_dim768_depth18_heads12_dim-head64_dropout0.1_ff_mult2_T400_betaT0.02/repeat_all_freq-length=20_skip=50_cp=112000_mel_text=False_phoneme-without-space_g2p-no-nn_lm-weight=0p5_ctc-weight=0p1_bs=80/w1=1_w2=0.5_asr_start=320_mask=True/sample_404|0.1888|1.1436
DiT_Anechoic_LibSp_conditional-masked-melspec_w-masked-pix=1/dit-net_dim768_depth18_heads12_dim-head64_dropout0.1_ff_mult2_T400_betaT0.02/repeat_all_freq-length=20_skip=50_cp=112000_mel_text=False_phoneme-without-space_g2p-no-nn_lm-weight=0p5_ctc-weight=0p1_bs=80/w1=1_w2=0.5_asr_start=320_mask=True/sample_378|0.1864|1.1429
DiT_Anechoic_LibSp_conditional-masked-melspec_w-masked-pix=1/dit-net_dim768_depth18_heads12_dim-head64_dropout0.1_ff_mult2_T400_betaT0.02/repeat_all_freq-length=20_skip=50_cp=112000_mel_text=False_phoneme-without-space_g2p-no-nn_lm-weight=0p5_ctc-weight=0p1_bs=80/w1=1_w2=0.5_asr_start=320_mask=True/sample_1697|0.2617|1.1302
DiT_Anechoic_LibSp_conditional-masked-melspec_w-masked-pix=1/dit-net_dim768_depth18_heads12_dim-head64_dropout0.1_ff_mult2_T400_betaT0.02/repeat_all_freq-length=20_skip=50_cp=112000_mel_text=False_phoneme-without-space_g2p-no-nn_lm-weight=0p5_ctc-weight=0p1_bs=80/w1=1_w2=0.5_asr_start=320_mask=True/sample_2068|0.2079|0.9629
DiT_Anechoic_LibSp_conditional-masked-melspec_w-masked-pix=1/dit-net_dim768_depth18_heads12_dim-head64_dropout0.1_ff_mult2_T400_betaT0.02/repeat_all_freq-length=20_skip=50_cp=112000_mel_text=False_phoneme-without-space_g2p-no-nn_lm-weight=0p5_ctc-weight=0p1_bs=80/w1=1_w2=0.5_asr_start=320_mask=True/sample_500|0.1684|1.2107
DiT_Anechoic_LibSp_conditional-masked-melspec_w-masked-pix=1/dit-net_dim768_depth18_heads12_dim-head64_dropout0.1_ff_mult2_T400_betaT0.02/repeat_all_freq-length=20_skip=50_cp=112000_mel_text=False_phoneme-without-space_g2p-no-nn_lm-weight=0p5_ctc-weight=0p1_bs=80/w1=1_w2=0.5_asr_start=320_mask=True/sample_1119|0.3366|1.0697
DiT_Anechoic_LibSp_conditional-masked-melspec_w-masked-pix=1/dit-net_dim768_depth18_heads12_dim-head64_dropout0.1_ff_mult2_T400_betaT0.02/repeat_all_freq-length=20_skip=50_cp=112000_mel_text=False_phoneme-without-space_g2p-no-nn_lm-weight=0p5_ctc-weight=0p1_bs=80/w1=1_w2=0.5_asr_start=320_mask=True/sample_915|0.1915|1.0524
DiT_Anechoic_LibSp_conditional-masked-melspec_w-masked-pix=1/dit-net_dim768_depth18_heads12_dim-head64_dropout0.1_ff_mult2_T400_betaT0.02/repeat_all_freq-length=20_skip=50_cp=112000_mel_text=False_phoneme-without-space_g2p-no-nn_lm-weight=0p5_ctc-weight=0p1_bs=80/w1=1_w2=0.5_asr_start=320_mask=True/sample_526|0.1407|1.1242
DiT_Anechoic_LibSp_conditional-masked-melspec_w-masked-pix=1/dit-net_dim768_depth18_heads12_dim-head64_dropout0.1_ff_mult2_T400_betaT0.02/repeat_all_freq-length=20_skip=50_cp=112000_mel_text=False_phoneme-without-space_g2p-no-nn_lm-weight=0p5_ctc-weight=0p1_bs=80/w1=1_w2=0.5_asr_start=320_mask=True/sample_603|0.1671|1.2253
DiT_Anechoic_LibSp_conditional-masked-melspec_w-masked-pix=1/dit-net_dim768_depth18_heads12_dim-head64_dropout0.1_ff_mult2_T400_betaT0.02/repeat_all_freq-length=20_skip=50_cp=112000_mel_text=False_phoneme-without-space_g2p-no-nn_lm-weight=0p5_ctc-weight=0p1_bs=80/w1=1_w2=0.5_asr_start=320_mask=True/sample_1425|0.1797|1.0099
DiT_Anechoic_LibSp_conditional-masked-melspec_w-masked-pix=1/dit-net_dim768_depth18_heads12_dim-head64_dropout0.1_ff_mult2_T400_betaT0.02/repeat_all_freq-length=20_skip=50_cp=112000_mel_text=False_phoneme-without-space_g2p-no-nn_lm-weight=0p5_ctc-weight=0p1_bs=80/w1=1_w2=0.5_asr_start=320_mask=True/sample_1797|0.1563|1.0746
DiT_Anechoic_LibSp_conditional-masked-melspec_w-masked-pix=1/dit-net_dim768_depth18_heads12_dim-head64_dropout0.1_ff_mult2_T400_betaT0.02/repeat_all_freq-length=20_skip=50_cp=112000_mel_text=False_phoneme-without-space_g2p-no-nn_lm-weight=0p5_ctc-weight=0p1_bs=80/w1=1_w2=0.5_asr_start=320_mask=True/sample_1061|0.365|0.8845
DiT_Anechoic_LibSp_conditional-masked-melspec_w-masked-pix=1/dit-net_dim768_depth18_heads12_dim-head64_dropout0.1_ff_mult2_T400_betaT0.02/repeat_all_freq-length=20_skip=50_cp=112000_mel_text=False_phoneme-without-space_g2p-no-nn_lm-weight=0p5_ctc-weight=0p1_bs=80/w1=1_w2=0.5_asr_start=320_mask=True/sample_1002|0.1744|1.1062
DiT_Anechoic_LibSp_conditional-masked-melspec_w-masked-pix=1/dit-net_dim768_depth18_heads12_dim-head64_dropout0.1_ff_mult2_T400_betaT0.02/repeat_all_freq-length=20_skip=50_cp=112000_mel_text=False_phoneme-without-space_g2p-no-nn_lm-weight=0p5_ctc-weight=0p1_bs=80/w1=1_w2=0.5_asr_start=320_mask=True/sample_275|0.1512|1.1526
DiT_Anechoic_LibSp_conditional-masked-melspec_w-masked-pix=1/dit-net_dim768_depth18_heads12_dim-head64_dropout0.1_ff_mult2_T400_betaT0.02/repeat_all_freq-length=20_skip=50_cp=112000_mel_text=False_phoneme-without-space_g2p-no-nn_lm-weight=0p5_ctc-weight=0p1_bs=80/w1=1_w2=0.5_asr_start=320_mask=True/sample_312|0.3221|1.0595
DiT_Anechoic_LibSp_conditional-masked-melspec_w-masked-pix=1/dit-net_dim768_depth18_heads12_dim-head64_dropout0.1_ff_mult2_T400_betaT0.02/repeat_all_freq-length=20_skip=50_cp=112000_mel_text=False_phoneme-without-space_g2p-no-nn_lm-weight=0p5_ctc-weight=0p1_bs=80/w1=1_w2=0.5_asr_start=320_mask=True/sample_847|0.1461|1.2119
DiT_Anechoic_LibSp_conditional-masked-melspec_w-masked-pix=1/dit-net_dim768_depth18_heads12_dim-head64_dropout0.1_ff_mult2_T400_betaT0.02/repeat_all_freq-length=20_skip=50_cp=112000_mel_text=False_phoneme-without-space_g2p-no-nn_lm-weight=0p5_ctc-weight=0p1_bs=80/w1=1_w2=0.5_asr_start=320_mask=True/sample_833|0.117|1.1121
DiT_Anechoic_LibSp_conditional-masked-melspec_w-masked-pix=1/dit-net_dim768_depth18_heads12_dim-head64_dropout0.1_ff_mult2_T400_betaT0.02/repeat_all_freq-length=20_skip=50_cp=112000_mel_text=False_phoneme-without-space_g2p-no-nn_lm-weight=0p5_ctc-weight=0p1_bs=80/w1=1_w2=0.5_asr_start=320_mask=True/sample_2061|0.2609|1.0372
DiT_Anechoic_LibSp_conditional-masked-melspec_w-masked-pix=1/dit-net_dim768_depth18_heads12_dim-head64_dropout0.1_ff_mult2_T400_betaT0.02/repeat_all_freq-length=20_skip=50_cp=112000_mel_text=False_phoneme-without-space_g2p-no-nn_lm-weight=0p5_ctc-weight=0p1_bs=80/w1=1_w2=0.5_asr_start=320_mask=True/sample_1784|0.3449|0.9407
DiT_Anechoic_LibSp_conditional-masked-melspec_w-masked-pix=1/dit-net_dim768_depth18_heads12_dim-head64_dropout0.1_ff_mult2_T400_betaT0.02/repeat_all_freq-length=20_skip=50_cp=112000_mel_text=False_phoneme-without-space_g2p-no-nn_lm-weight=0p5_ctc-weight=0p1_bs=80/w1=1_w2=0.5_asr_start=320_mask=True/sample_5|0.092|1.126
DiT_Anechoic_LibSp_conditional-masked-melspec_w-masked-pix=1/dit-net_dim768_depth18_heads12_dim-head64_dropout0.1_ff_mult2_T400_betaT0.02/repeat_all_freq-length=20_skip=50_cp=112000_mel_text=False_phoneme-without-space_g2p-no-nn_lm-weight=0p5_ctc-weight=0p1_bs=80/w1=1_w2=0.5_asr_start=320_mask=True/sample_2410|0.135|1.1871
DiT_Anechoic_LibSp_conditional-masked-melspec_w-masked-pix=1/dit-net_dim768_depth18_heads12_dim-head64_dropout0.1_ff_mult2_T400_betaT0.02/repeat_all_freq-length=20_skip=50_cp=112000_mel_text=False_phoneme-without-space_g2p-no-nn_lm-weight=0p5_ctc-weight=0p1_bs=80/w1=1_w2=0.5_asr_start=320_mask=True/sample_494|0.135|1.3023
DiT_Anechoic_LibSp_conditional-masked-melspec_w-masked-pix=1/dit-net_dim768_depth18_heads12_dim-head64_dropout0.1_ff_mult2_T400_betaT0.02/repeat_all_freq-length=20_skip=50_cp=112000_mel_text=False_phoneme-without-space_g2p-no-nn_lm-weight=0p5_ctc-weight=0p1_bs=80/w1=1_w2=0.5_asr_start=320_mask=True/sample_2423|0.1881|1.1479
DiT_Anechoic_LibSp_conditional-masked-melspec_w-masked-pix=1/dit-net_dim768_depth18_heads12_dim-head64_dropout0.1_ff_mult2_T400_betaT0.02/repeat_all_freq-length=20_skip=50_cp=112000_mel_text=False_phoneme-without-space_g2p-no-nn_lm-weight=0p5_ctc-weight=0p1_bs=80/w1=1_w2=0.5_asr_start=320_mask=True/sample_2096|0.2027|1.1462
DiT_Anechoic_LibSp_conditional-masked-melspec_w-masked-pix=1/dit-net_dim768_depth18_heads12_dim-head64_dropout0.1_ff_mult2_T400_betaT0.02/repeat_all_freq-length=20_skip=50_cp=112000_mel_text=False_phoneme-without-space_g2p-no-nn_lm-weight=0p5_ctc-weight=0p1_bs=80/w1=1_w2=0.5_asr_start=320_mask=True/sample_208|0.1603|1.0815
DiT_Anechoic_LibSp_conditional-masked-melspec_w-masked-pix=1/dit-net_dim768_depth18_heads12_dim-head64_dropout0.1_ff_mult2_T400_betaT0.02/repeat_all_freq-length=20_skip=50_cp=112000_mel_text=False_phoneme-without-space_g2p-no-nn_lm-weight=0p5_ctc-weight=0p1_bs=80/w1=1_w2=0.5_asr_start=320_mask=True/sample_1864|0.2332|1.0789
DiT_Anechoic_LibSp_conditional-masked-melspec_w-masked-pix=1/dit-net_dim768_depth18_heads12_dim-head64_dropout0.1_ff_mult2_T400_betaT0.02/repeat_all_freq-length=20_skip=50_cp=112000_mel_text=False_phoneme-without-space_g2p-no-nn_lm-weight=0p5_ctc-weight=0p1_bs=80/w1=1_w2=0.5_asr_start=320_mask=True/sample_2401|0.2397|1.1282
DiT_Anechoic_LibSp_conditional-masked-melspec_w-masked-pix=1/dit-net_dim768_depth18_heads12_dim-head64_dropout0.1_ff_mult2_T400_betaT0.02/repeat_all_freq-length=20_skip=50_cp=112000_mel_text=False_phoneme-without-space_g2p-no-nn_lm-weight=0p5_ctc-weight=0p1_bs=80/w1=1_w2=0.5_asr_start=320_mask=True/sample_180|0.1907|1.1341
DiT_Anechoic_LibSp_conditional-masked-melspec_w-masked-pix=1/dit-net_dim768_depth18_heads12_dim-head64_dropout0.1_ff_mult2_T400_betaT0.02/repeat_all_freq-length=20_skip=50_cp=112000_mel_text=False_phoneme-without-space_g2p-no-nn_lm-weight=0p5_ctc-weight=0p1_bs=80/w1=1_w2=0.5_asr_start=320_mask=True/sample_2035|0.2717|1.1463
DiT_Anechoic_LibSp_conditional-masked-melspec_w-masked-pix=1/dit-net_dim768_depth18_heads12_dim-head64_dropout0.1_ff_mult2_T400_betaT0.02/repeat_all_freq-length=20_skip=50_cp=112000_mel_text=False_phoneme-without-space_g2p-no-nn_lm-weight=0p5_ctc-weight=0p1_bs=80/w1=1_w2=0.5_asr_start=320_mask=True/sample_1083|0.2384|0.9851
