sample_path|distance_mos_hifi_gan|masked_distance_mos_hifi_gan
DiT_Anechoic_LibSp_conditional-masked-melspec_w-masked-pix=1/dit-net_dim768_depth18_heads12_dim-head64_dropout0.1_ff_mult2_T400_betaT0.02/repeat_all_freq-length=50_skip=150_cp=112000_mel_text=False_phoneme-without-space_g2p-no-nn_lm-weight=0p3_ctc-weight=0p1/w1=1_w2=0.5_asr_start=320_mask=True/sample_2162|0.1508|0.6919
DiT_Anechoic_LibSp_conditional-masked-melspec_w-masked-pix=1/dit-net_dim768_depth18_heads12_dim-head64_dropout0.1_ff_mult2_T400_betaT0.02/repeat_all_freq-length=50_skip=150_cp=112000_mel_text=False_phoneme-without-space_g2p-no-nn_lm-weight=0p3_ctc-weight=0p1/w1=1_w2=0.5_asr_start=320_mask=True/sample_69|0.1674|0.4904
DiT_Anechoic_LibSp_conditional-masked-melspec_w-masked-pix=1/dit-net_dim768_depth18_heads12_dim-head64_dropout0.1_ff_mult2_T400_betaT0.02/repeat_all_freq-length=50_skip=150_cp=112000_mel_text=False_phoneme-without-space_g2p-no-nn_lm-weight=0p3_ctc-weight=0p1/w1=1_w2=0.5_asr_start=320_mask=True/sample_1885|0.3037|0.6999
DiT_Anechoic_LibSp_conditional-masked-melspec_w-masked-pix=1/dit-net_dim768_depth18_heads12_dim-head64_dropout0.1_ff_mult2_T400_betaT0.02/repeat_all_freq-length=50_skip=150_cp=112000_mel_text=False_phoneme-without-space_g2p-no-nn_lm-weight=0p3_ctc-weight=0p1/w1=1_w2=0.5_asr_start=320_mask=True/sample_317|0.1453|0.4949
DiT_Anechoic_LibSp_conditional-masked-melspec_w-masked-pix=1/dit-net_dim768_depth18_heads12_dim-head64_dropout0.1_ff_mult2_T400_betaT0.02/repeat_all_freq-length=50_skip=150_cp=112000_mel_text=False_phoneme-without-space_g2p-no-nn_lm-weight=0p3_ctc-weight=0p1/w1=1_w2=0.5_asr_start=320_mask=True/sample_1861|0.1892|0.4124
DiT_Anechoic_LibSp_conditional-masked-melspec_w-masked-pix=1/dit-net_dim768_depth18_heads12_dim-head64_dropout0.1_ff_mult2_T400_betaT0.02/repeat_all_freq-length=50_skip=150_cp=112000_mel_text=False_phoneme-without-space_g2p-no-nn_lm-weight=0p3_ctc-weight=0p1/w1=1_w2=0.5_asr_start=320_mask=True/sample_80|0.1759|0.5463
DiT_Anechoic_LibSp_conditional-masked-melspec_w-masked-pix=1/dit-net_dim768_depth18_heads12_dim-head64_dropout0.1_ff_mult2_T400_betaT0.02/repeat_all_freq-length=50_skip=150_cp=112000_mel_text=False_phoneme-without-space_g2p-no-nn_lm-weight=0p3_ctc-weight=0p1/w1=1_w2=0.5_asr_start=320_mask=True/sample_1962|0.1245|0.4335
DiT_Anechoic_LibSp_conditional-masked-melspec_w-masked-pix=1/dit-net_dim768_depth18_heads12_dim-head64_dropout0.1_ff_mult2_T400_betaT0.02/repeat_all_freq-length=50_skip=150_cp=112000_mel_text=False_phoneme-without-space_g2p-no-nn_lm-weight=0p3_ctc-weight=0p1/w1=1_w2=0.5_asr_start=320_mask=True/sample_304|0.1735|0.4061
DiT_Anechoic_LibSp_conditional-masked-melspec_w-masked-pix=1/dit-net_dim768_depth18_heads12_dim-head64_dropout0.1_ff_mult2_T400_betaT0.02/repeat_all_freq-length=50_skip=150_cp=112000_mel_text=False_phoneme-without-space_g2p-no-nn_lm-weight=0p3_ctc-weight=0p1/w1=1_w2=0.5_asr_start=320_mask=True/sample_1816|0.2437|0.6527
DiT_Anechoic_LibSp_conditional-masked-melspec_w-masked-pix=1/dit-net_dim768_depth18_heads12_dim-head64_dropout0.1_ff_mult2_T400_betaT0.02/repeat_all_freq-length=50_skip=150_cp=112000_mel_text=False_phoneme-without-space_g2p-no-nn_lm-weight=0p3_ctc-weight=0p1/w1=1_w2=0.5_asr_start=320_mask=True/sample_1529|0.1654|0.4416
DiT_Anechoic_LibSp_conditional-masked-melspec_w-masked-pix=1/dit-net_dim768_depth18_heads12_dim-head64_dropout0.1_ff_mult2_T400_betaT0.02/repeat_all_freq-length=50_skip=150_cp=112000_mel_text=False_phoneme-without-space_g2p-no-nn_lm-weight=0p3_ctc-weight=0p1/w1=1_w2=0.5_asr_start=320_mask=True/sample_1667|0.2129|0.6792
DiT_Anechoic_LibSp_conditional-masked-melspec_w-masked-pix=1/dit-net_dim768_depth18_heads12_dim-head64_dropout0.1_ff_mult2_T400_betaT0.02/repeat_all_freq-length=50_skip=150_cp=112000_mel_text=False_phoneme-without-space_g2p-no-nn_lm-weight=0p3_ctc-weight=0p1/w1=1_w2=0.5_asr_start=320_mask=True/sample_1809|0.1776|0.538
DiT_Anechoic_LibSp_conditional-masked-melspec_w-masked-pix=1/dit-net_dim768_depth18_heads12_dim-head64_dropout0.1_ff_mult2_T400_betaT0.02/repeat_all_freq-length=50_skip=150_cp=112000_mel_text=False_phoneme-without-space_g2p-no-nn_lm-weight=0p3_ctc-weight=0p1/w1=1_w2=0.5_asr_start=320_mask=True/sample_582|0.2057|0.665
DiT_Anechoic_LibSp_conditional-masked-melspec_w-masked-pix=1/dit-net_dim768_depth18_heads12_dim-head64_dropout0.1_ff_mult2_T400_betaT0.02/repeat_all_freq-length=50_skip=150_cp=112000_mel_text=False_phoneme-without-space_g2p-no-nn_lm-weight=0p3_ctc-weight=0p1/w1=1_w2=0.5_asr_start=320_mask=True/sample_1845|0.2203|0.6976
DiT_Anechoic_LibSp_conditional-masked-melspec_w-masked-pix=1/dit-net_dim768_depth18_heads12_dim-head64_dropout0.1_ff_mult2_T400_betaT0.02/repeat_all_freq-length=50_skip=150_cp=112000_mel_text=False_phoneme-without-space_g2p-no-nn_lm-weight=0p3_ctc-weight=0p1/w1=1_w2=0.5_asr_start=320_mask=True/sample_610|0.2262|0.5549
DiT_Anechoic_LibSp_conditional-masked-melspec_w-masked-pix=1/dit-net_dim768_depth18_heads12_dim-head64_dropout0.1_ff_mult2_T400_betaT0.02/repeat_all_freq-length=50_skip=150_cp=112000_mel_text=False_phoneme-without-space_g2p-no-nn_lm-weight=0p3_ctc-weight=0p1/w1=1_w2=0.5_asr_start=320_mask=True/sample_504|0.1541|0.6096
DiT_Anechoic_LibSp_conditional-masked-melspec_w-masked-pix=1/dit-net_dim768_depth18_heads12_dim-head64_dropout0.1_ff_mult2_T400_betaT0.02/repeat_all_freq-length=50_skip=150_cp=112000_mel_text=False_phoneme-without-space_g2p-no-nn_lm-weight=0p3_ctc-weight=0p1/w1=1_w2=0.5_asr_start=320_mask=True/sample_244|0.1407|0.7044
DiT_Anechoic_LibSp_conditional-masked-melspec_w-masked-pix=1/dit-net_dim768_depth18_heads12_dim-head64_dropout0.1_ff_mult2_T400_betaT0.02/repeat_all_freq-length=50_skip=150_cp=112000_mel_text=False_phoneme-without-space_g2p-no-nn_lm-weight=0p3_ctc-weight=0p1/w1=1_w2=0.5_asr_start=320_mask=True/sample_2265|0.2146|0.6835
DiT_Anechoic_LibSp_conditional-masked-melspec_w-masked-pix=1/dit-net_dim768_depth18_heads12_dim-head64_dropout0.1_ff_mult2_T400_betaT0.02/repeat_all_freq-length=50_skip=150_cp=112000_mel_text=False_phoneme-without-space_g2p-no-nn_lm-weight=0p3_ctc-weight=0p1/w1=1_w2=0.5_asr_start=320_mask=True/sample_909|0.1961|0.3722
DiT_Anechoic_LibSp_conditional-masked-melspec_w-masked-pix=1/dit-net_dim768_depth18_heads12_dim-head64_dropout0.1_ff_mult2_T400_betaT0.02/repeat_all_freq-length=50_skip=150_cp=112000_mel_text=False_phoneme-without-space_g2p-no-nn_lm-weight=0p3_ctc-weight=0p1/w1=1_w2=0.5_asr_start=320_mask=True/sample_19|0.1632|0.5808
DiT_Anechoic_LibSp_conditional-masked-melspec_w-masked-pix=1/dit-net_dim768_depth18_heads12_dim-head64_dropout0.1_ff_mult2_T400_betaT0.02/repeat_all_freq-length=50_skip=150_cp=112000_mel_text=False_phoneme-without-space_g2p-no-nn_lm-weight=0p3_ctc-weight=0p1/w1=1_w2=0.5_asr_start=320_mask=True/sample_404|0.3648|0.8074
DiT_Anechoic_LibSp_conditional-masked-melspec_w-masked-pix=1/dit-net_dim768_depth18_heads12_dim-head64_dropout0.1_ff_mult2_T400_betaT0.02/repeat_all_freq-length=50_skip=150_cp=112000_mel_text=False_phoneme-without-space_g2p-no-nn_lm-weight=0p3_ctc-weight=0p1/w1=1_w2=0.5_asr_start=320_mask=True/sample_378|0.3564|0.8193
DiT_Anechoic_LibSp_conditional-masked-melspec_w-masked-pix=1/dit-net_dim768_depth18_heads12_dim-head64_dropout0.1_ff_mult2_T400_betaT0.02/repeat_all_freq-length=50_skip=150_cp=112000_mel_text=False_phoneme-without-space_g2p-no-nn_lm-weight=0p3_ctc-weight=0p1/w1=1_w2=0.5_asr_start=320_mask=True/sample_1697|0.1641|0.7076
DiT_Anechoic_LibSp_conditional-masked-melspec_w-masked-pix=1/dit-net_dim768_depth18_heads12_dim-head64_dropout0.1_ff_mult2_T400_betaT0.02/repeat_all_freq-length=50_skip=150_cp=112000_mel_text=False_phoneme-without-space_g2p-no-nn_lm-weight=0p3_ctc-weight=0p1/w1=1_w2=0.5_asr_start=320_mask=True/sample_2068|0.3624|0.49
DiT_Anechoic_LibSp_conditional-masked-melspec_w-masked-pix=1/dit-net_dim768_depth18_heads12_dim-head64_dropout0.1_ff_mult2_T400_betaT0.02/repeat_all_freq-length=50_skip=150_cp=112000_mel_text=False_phoneme-without-space_g2p-no-nn_lm-weight=0p3_ctc-weight=0p1/w1=1_w2=0.5_asr_start=320_mask=True/sample_500|0.1649|0.8014
DiT_Anechoic_LibSp_conditional-masked-melspec_w-masked-pix=1/dit-net_dim768_depth18_heads12_dim-head64_dropout0.1_ff_mult2_T400_betaT0.02/repeat_all_freq-length=50_skip=150_cp=112000_mel_text=False_phoneme-without-space_g2p-no-nn_lm-weight=0p3_ctc-weight=0p1/w1=1_w2=0.5_asr_start=320_mask=True/sample_1119|0.1713|0.5682
DiT_Anechoic_LibSp_conditional-masked-melspec_w-masked-pix=1/dit-net_dim768_depth18_heads12_dim-head64_dropout0.1_ff_mult2_T400_betaT0.02/repeat_all_freq-length=50_skip=150_cp=112000_mel_text=False_phoneme-without-space_g2p-no-nn_lm-weight=0p3_ctc-weight=0p1/w1=1_w2=0.5_asr_start=320_mask=True/sample_915|0.1278|0.5765
DiT_Anechoic_LibSp_conditional-masked-melspec_w-masked-pix=1/dit-net_dim768_depth18_heads12_dim-head64_dropout0.1_ff_mult2_T400_betaT0.02/repeat_all_freq-length=50_skip=150_cp=112000_mel_text=False_phoneme-without-space_g2p-no-nn_lm-weight=0p3_ctc-weight=0p1/w1=1_w2=0.5_asr_start=320_mask=True/sample_526|0.1302|0.4519
DiT_Anechoic_LibSp_conditional-masked-melspec_w-masked-pix=1/dit-net_dim768_depth18_heads12_dim-head64_dropout0.1_ff_mult2_T400_betaT0.02/repeat_all_freq-length=50_skip=150_cp=112000_mel_text=False_phoneme-without-space_g2p-no-nn_lm-weight=0p3_ctc-weight=0p1/w1=1_w2=0.5_asr_start=320_mask=True/sample_603|0.1412|0.3706
DiT_Anechoic_LibSp_conditional-masked-melspec_w-masked-pix=1/dit-net_dim768_depth18_heads12_dim-head64_dropout0.1_ff_mult2_T400_betaT0.02/repeat_all_freq-length=50_skip=150_cp=112000_mel_text=False_phoneme-without-space_g2p-no-nn_lm-weight=0p3_ctc-weight=0p1/w1=1_w2=0.5_asr_start=320_mask=True/sample_1425|0.2193|0.7505
DiT_Anechoic_LibSp_conditional-masked-melspec_w-masked-pix=1/dit-net_dim768_depth18_heads12_dim-head64_dropout0.1_ff_mult2_T400_betaT0.02/repeat_all_freq-length=50_skip=150_cp=112000_mel_text=False_phoneme-without-space_g2p-no-nn_lm-weight=0p3_ctc-weight=0p1/w1=1_w2=0.5_asr_start=320_mask=True/sample_1797|0.1725|0.5481
DiT_Anechoic_LibSp_conditional-masked-melspec_w-masked-pix=1/dit-net_dim768_depth18_heads12_dim-head64_dropout0.1_ff_mult2_T400_betaT0.02/repeat_all_freq-length=50_skip=150_cp=112000_mel_text=False_phoneme-without-space_g2p-no-nn_lm-weight=0p3_ctc-weight=0p1/w1=1_w2=0.5_asr_start=320_mask=True/sample_1061|0.2817|0.5173
DiT_Anechoic_LibSp_conditional-masked-melspec_w-masked-pix=1/dit-net_dim768_depth18_heads12_dim-head64_dropout0.1_ff_mult2_T400_betaT0.02/repeat_all_freq-length=50_skip=150_cp=112000_mel_text=False_phoneme-without-space_g2p-no-nn_lm-weight=0p3_ctc-weight=0p1/w1=1_w2=0.5_asr_start=320_mask=True/sample_1002|0.1622|0.379
DiT_Anechoic_LibSp_conditional-masked-melspec_w-masked-pix=1/dit-net_dim768_depth18_heads12_dim-head64_dropout0.1_ff_mult2_T400_betaT0.02/repeat_all_freq-length=50_skip=150_cp=112000_mel_text=False_phoneme-without-space_g2p-no-nn_lm-weight=0p3_ctc-weight=0p1/w1=1_w2=0.5_asr_start=320_mask=True/sample_275|0.2767|0.6143
DiT_Anechoic_LibSp_conditional-masked-melspec_w-masked-pix=1/dit-net_dim768_depth18_heads12_dim-head64_dropout0.1_ff_mult2_T400_betaT0.02/repeat_all_freq-length=50_skip=150_cp=112000_mel_text=False_phoneme-without-space_g2p-no-nn_lm-weight=0p3_ctc-weight=0p1/w1=1_w2=0.5_asr_start=320_mask=True/sample_312|0.1423|0.4305
DiT_Anechoic_LibSp_conditional-masked-melspec_w-masked-pix=1/dit-net_dim768_depth18_heads12_dim-head64_dropout0.1_ff_mult2_T400_betaT0.02/repeat_all_freq-length=50_skip=150_cp=112000_mel_text=False_phoneme-without-space_g2p-no-nn_lm-weight=0p3_ctc-weight=0p1/w1=1_w2=0.5_asr_start=320_mask=True/sample_847|0.2438|0.4009
DiT_Anechoic_LibSp_conditional-masked-melspec_w-masked-pix=1/dit-net_dim768_depth18_heads12_dim-head64_dropout0.1_ff_mult2_T400_betaT0.02/repeat_all_freq-length=50_skip=150_cp=112000_mel_text=False_phoneme-without-space_g2p-no-nn_lm-weight=0p3_ctc-weight=0p1/w1=1_w2=0.5_asr_start=320_mask=True/sample_833|0.2237|0.5443
DiT_Anechoic_LibSp_conditional-masked-melspec_w-masked-pix=1/dit-net_dim768_depth18_heads12_dim-head64_dropout0.1_ff_mult2_T400_betaT0.02/repeat_all_freq-length=50_skip=150_cp=112000_mel_text=False_phoneme-without-space_g2p-no-nn_lm-weight=0p3_ctc-weight=0p1/w1=1_w2=0.5_asr_start=320_mask=True/sample_2061|0.2105|0.3581
DiT_Anechoic_LibSp_conditional-masked-melspec_w-masked-pix=1/dit-net_dim768_depth18_heads12_dim-head64_dropout0.1_ff_mult2_T400_betaT0.02/repeat_all_freq-length=50_skip=150_cp=112000_mel_text=False_phoneme-without-space_g2p-no-nn_lm-weight=0p3_ctc-weight=0p1/w1=1_w2=0.5_asr_start=320_mask=True/sample_1784|0.3188|0.5166
DiT_Anechoic_LibSp_conditional-masked-melspec_w-masked-pix=1/dit-net_dim768_depth18_heads12_dim-head64_dropout0.1_ff_mult2_T400_betaT0.02/repeat_all_freq-length=50_skip=150_cp=112000_mel_text=False_phoneme-without-space_g2p-no-nn_lm-weight=0p3_ctc-weight=0p1/w1=1_w2=0.5_asr_start=320_mask=True/sample_5|0.1638|0.6387
DiT_Anechoic_LibSp_conditional-masked-melspec_w-masked-pix=1/dit-net_dim768_depth18_heads12_dim-head64_dropout0.1_ff_mult2_T400_betaT0.02/repeat_all_freq-length=50_skip=150_cp=112000_mel_text=False_phoneme-without-space_g2p-no-nn_lm-weight=0p3_ctc-weight=0p1/w1=1_w2=0.5_asr_start=320_mask=True/sample_2410|0.2644|0.5309
DiT_Anechoic_LibSp_conditional-masked-melspec_w-masked-pix=1/dit-net_dim768_depth18_heads12_dim-head64_dropout0.1_ff_mult2_T400_betaT0.02/repeat_all_freq-length=50_skip=150_cp=112000_mel_text=False_phoneme-without-space_g2p-no-nn_lm-weight=0p3_ctc-weight=0p1/w1=1_w2=0.5_asr_start=320_mask=True/sample_494|0.1605|0.7081
DiT_Anechoic_LibSp_conditional-masked-melspec_w-masked-pix=1/dit-net_dim768_depth18_heads12_dim-head64_dropout0.1_ff_mult2_T400_betaT0.02/repeat_all_freq-length=50_skip=150_cp=112000_mel_text=False_phoneme-without-space_g2p-no-nn_lm-weight=0p3_ctc-weight=0p1/w1=1_w2=0.5_asr_start=320_mask=True/sample_2423|0.18|0.6396
DiT_Anechoic_LibSp_conditional-masked-melspec_w-masked-pix=1/dit-net_dim768_depth18_heads12_dim-head64_dropout0.1_ff_mult2_T400_betaT0.02/repeat_all_freq-length=50_skip=150_cp=112000_mel_text=False_phoneme-without-space_g2p-no-nn_lm-weight=0p3_ctc-weight=0p1/w1=1_w2=0.5_asr_start=320_mask=True/sample_2096|0.18|0.3977
DiT_Anechoic_LibSp_conditional-masked-melspec_w-masked-pix=1/dit-net_dim768_depth18_heads12_dim-head64_dropout0.1_ff_mult2_T400_betaT0.02/repeat_all_freq-length=50_skip=150_cp=112000_mel_text=False_phoneme-without-space_g2p-no-nn_lm-weight=0p3_ctc-weight=0p1/w1=1_w2=0.5_asr_start=320_mask=True/sample_208|0.1863|0.6948
DiT_Anechoic_LibSp_conditional-masked-melspec_w-masked-pix=1/dit-net_dim768_depth18_heads12_dim-head64_dropout0.1_ff_mult2_T400_betaT0.02/repeat_all_freq-length=50_skip=150_cp=112000_mel_text=False_phoneme-without-space_g2p-no-nn_lm-weight=0p3_ctc-weight=0p1/w1=1_w2=0.5_asr_start=320_mask=True/sample_1864|0.2717|0.5861
DiT_Anechoic_LibSp_conditional-masked-melspec_w-masked-pix=1/dit-net_dim768_depth18_heads12_dim-head64_dropout0.1_ff_mult2_T400_betaT0.02/repeat_all_freq-length=50_skip=150_cp=112000_mel_text=False_phoneme-without-space_g2p-no-nn_lm-weight=0p3_ctc-weight=0p1/w1=1_w2=0.5_asr_start=320_mask=True/sample_2401|0.1784|0.5547
DiT_Anechoic_LibSp_conditional-masked-melspec_w-masked-pix=1/dit-net_dim768_depth18_heads12_dim-head64_dropout0.1_ff_mult2_T400_betaT0.02/repeat_all_freq-length=50_skip=150_cp=112000_mel_text=False_phoneme-without-space_g2p-no-nn_lm-weight=0p3_ctc-weight=0p1/w1=1_w2=0.5_asr_start=320_mask=True/sample_180|0.1762|0.8045
DiT_Anechoic_LibSp_conditional-masked-melspec_w-masked-pix=1/dit-net_dim768_depth18_heads12_dim-head64_dropout0.1_ff_mult2_T400_betaT0.02/repeat_all_freq-length=50_skip=150_cp=112000_mel_text=False_phoneme-without-space_g2p-no-nn_lm-weight=0p3_ctc-weight=0p1/w1=1_w2=0.5_asr_start=320_mask=True/sample_2035|0.1493|0.5434
DiT_Anechoic_LibSp_conditional-masked-melspec_w-masked-pix=1/dit-net_dim768_depth18_heads12_dim-head64_dropout0.1_ff_mult2_T400_betaT0.02/repeat_all_freq-length=50_skip=150_cp=112000_mel_text=False_phoneme-without-space_g2p-no-nn_lm-weight=0p3_ctc-weight=0p1/w1=1_w2=0.5_asr_start=320_mask=True/sample_1083|0.2965|0.4335
DiT_Anechoic_LibSp_conditional-masked-melspec_w-masked-pix=1/dit-net_dim768_depth18_heads12_dim-head64_dropout0.1_ff_mult2_T400_betaT0.02/repeat_all_freq-length=40_skip=150_cp=112000_mel_text=False_phoneme-without-space_g2p-no-nn_lm-weight=0p3_ctc-weight=0p1/w1=1_w2=0.5_asr_start=320_mask=True/sample_2162|0.1731|0.6173
DiT_Anechoic_LibSp_conditional-masked-melspec_w-masked-pix=1/dit-net_dim768_depth18_heads12_dim-head64_dropout0.1_ff_mult2_T400_betaT0.02/repeat_all_freq-length=40_skip=150_cp=112000_mel_text=False_phoneme-without-space_g2p-no-nn_lm-weight=0p3_ctc-weight=0p1/w1=1_w2=0.5_asr_start=320_mask=True/sample_69|0.1589|0.7198
DiT_Anechoic_LibSp_conditional-masked-melspec_w-masked-pix=1/dit-net_dim768_depth18_heads12_dim-head64_dropout0.1_ff_mult2_T400_betaT0.02/repeat_all_freq-length=40_skip=150_cp=112000_mel_text=False_phoneme-without-space_g2p-no-nn_lm-weight=0p3_ctc-weight=0p1/w1=1_w2=0.5_asr_start=320_mask=True/sample_1885|0.2528|0.6014
DiT_Anechoic_LibSp_conditional-masked-melspec_w-masked-pix=1/dit-net_dim768_depth18_heads12_dim-head64_dropout0.1_ff_mult2_T400_betaT0.02/repeat_all_freq-length=40_skip=150_cp=112000_mel_text=False_phoneme-without-space_g2p-no-nn_lm-weight=0p3_ctc-weight=0p1/w1=1_w2=0.5_asr_start=320_mask=True/sample_317|0.2694|0.5247
DiT_Anechoic_LibSp_conditional-masked-melspec_w-masked-pix=1/dit-net_dim768_depth18_heads12_dim-head64_dropout0.1_ff_mult2_T400_betaT0.02/repeat_all_freq-length=40_skip=150_cp=112000_mel_text=False_phoneme-without-space_g2p-no-nn_lm-weight=0p3_ctc-weight=0p1/w1=1_w2=0.5_asr_start=320_mask=True/sample_1861|0.1777|0.4295
DiT_Anechoic_LibSp_conditional-masked-melspec_w-masked-pix=1/dit-net_dim768_depth18_heads12_dim-head64_dropout0.1_ff_mult2_T400_betaT0.02/repeat_all_freq-length=40_skip=150_cp=112000_mel_text=False_phoneme-without-space_g2p-no-nn_lm-weight=0p3_ctc-weight=0p1/w1=1_w2=0.5_asr_start=320_mask=True/sample_80|0.1298|0.5106
DiT_Anechoic_LibSp_conditional-masked-melspec_w-masked-pix=1/dit-net_dim768_depth18_heads12_dim-head64_dropout0.1_ff_mult2_T400_betaT0.02/repeat_all_freq-length=40_skip=150_cp=112000_mel_text=False_phoneme-without-space_g2p-no-nn_lm-weight=0p3_ctc-weight=0p1/w1=1_w2=0.5_asr_start=320_mask=True/sample_1962|0.1081|0.4627
DiT_Anechoic_LibSp_conditional-masked-melspec_w-masked-pix=1/dit-net_dim768_depth18_heads12_dim-head64_dropout0.1_ff_mult2_T400_betaT0.02/repeat_all_freq-length=40_skip=150_cp=112000_mel_text=False_phoneme-without-space_g2p-no-nn_lm-weight=0p3_ctc-weight=0p1/w1=1_w2=0.5_asr_start=320_mask=True/sample_304|0.2721|0.4032
DiT_Anechoic_LibSp_conditional-masked-melspec_w-masked-pix=1/dit-net_dim768_depth18_heads12_dim-head64_dropout0.1_ff_mult2_T400_betaT0.02/repeat_all_freq-length=40_skip=150_cp=112000_mel_text=False_phoneme-without-space_g2p-no-nn_lm-weight=0p3_ctc-weight=0p1/w1=1_w2=0.5_asr_start=320_mask=True/sample_1816|0.2184|0.5907
DiT_Anechoic_LibSp_conditional-masked-melspec_w-masked-pix=1/dit-net_dim768_depth18_heads12_dim-head64_dropout0.1_ff_mult2_T400_betaT0.02/repeat_all_freq-length=40_skip=150_cp=112000_mel_text=False_phoneme-without-space_g2p-no-nn_lm-weight=0p3_ctc-weight=0p1/w1=1_w2=0.5_asr_start=320_mask=True/sample_1529|0.1517|0.4147
DiT_Anechoic_LibSp_conditional-masked-melspec_w-masked-pix=1/dit-net_dim768_depth18_heads12_dim-head64_dropout0.1_ff_mult2_T400_betaT0.02/repeat_all_freq-length=40_skip=150_cp=112000_mel_text=False_phoneme-without-space_g2p-no-nn_lm-weight=0p3_ctc-weight=0p1/w1=1_w2=0.5_asr_start=320_mask=True/sample_1667|0.1475|0.5678
DiT_Anechoic_LibSp_conditional-masked-melspec_w-masked-pix=1/dit-net_dim768_depth18_heads12_dim-head64_dropout0.1_ff_mult2_T400_betaT0.02/repeat_all_freq-length=40_skip=150_cp=112000_mel_text=False_phoneme-without-space_g2p-no-nn_lm-weight=0p3_ctc-weight=0p1/w1=1_w2=0.5_asr_start=320_mask=True/sample_1809|0.1769|0.4781
DiT_Anechoic_LibSp_conditional-masked-melspec_w-masked-pix=1/dit-net_dim768_depth18_heads12_dim-head64_dropout0.1_ff_mult2_T400_betaT0.02/repeat_all_freq-length=40_skip=150_cp=112000_mel_text=False_phoneme-without-space_g2p-no-nn_lm-weight=0p3_ctc-weight=0p1/w1=1_w2=0.5_asr_start=320_mask=True/sample_582|0.1492|0.575
DiT_Anechoic_LibSp_conditional-masked-melspec_w-masked-pix=1/dit-net_dim768_depth18_heads12_dim-head64_dropout0.1_ff_mult2_T400_betaT0.02/repeat_all_freq-length=40_skip=150_cp=112000_mel_text=False_phoneme-without-space_g2p-no-nn_lm-weight=0p3_ctc-weight=0p1/w1=1_w2=0.5_asr_start=320_mask=True/sample_1845|0.1728|0.6011
DiT_Anechoic_LibSp_conditional-masked-melspec_w-masked-pix=1/dit-net_dim768_depth18_heads12_dim-head64_dropout0.1_ff_mult2_T400_betaT0.02/repeat_all_freq-length=40_skip=150_cp=112000_mel_text=False_phoneme-without-space_g2p-no-nn_lm-weight=0p3_ctc-weight=0p1/w1=1_w2=0.5_asr_start=320_mask=True/sample_610|0.2001|0.5273
DiT_Anechoic_LibSp_conditional-masked-melspec_w-masked-pix=1/dit-net_dim768_depth18_heads12_dim-head64_dropout0.1_ff_mult2_T400_betaT0.02/repeat_all_freq-length=40_skip=150_cp=112000_mel_text=False_phoneme-without-space_g2p-no-nn_lm-weight=0p3_ctc-weight=0p1/w1=1_w2=0.5_asr_start=320_mask=True/sample_504|0.1326|0.6481
DiT_Anechoic_LibSp_conditional-masked-melspec_w-masked-pix=1/dit-net_dim768_depth18_heads12_dim-head64_dropout0.1_ff_mult2_T400_betaT0.02/repeat_all_freq-length=40_skip=150_cp=112000_mel_text=False_phoneme-without-space_g2p-no-nn_lm-weight=0p3_ctc-weight=0p1/w1=1_w2=0.5_asr_start=320_mask=True/sample_244|0.1223|0.4495
DiT_Anechoic_LibSp_conditional-masked-melspec_w-masked-pix=1/dit-net_dim768_depth18_heads12_dim-head64_dropout0.1_ff_mult2_T400_betaT0.02/repeat_all_freq-length=40_skip=150_cp=112000_mel_text=False_phoneme-without-space_g2p-no-nn_lm-weight=0p3_ctc-weight=0p1/w1=1_w2=0.5_asr_start=320_mask=True/sample_2265|0.1567|0.7124
DiT_Anechoic_LibSp_conditional-masked-melspec_w-masked-pix=1/dit-net_dim768_depth18_heads12_dim-head64_dropout0.1_ff_mult2_T400_betaT0.02/repeat_all_freq-length=40_skip=150_cp=112000_mel_text=False_phoneme-without-space_g2p-no-nn_lm-weight=0p3_ctc-weight=0p1/w1=1_w2=0.5_asr_start=320_mask=True/sample_909|0.1515|0.4156
DiT_Anechoic_LibSp_conditional-masked-melspec_w-masked-pix=1/dit-net_dim768_depth18_heads12_dim-head64_dropout0.1_ff_mult2_T400_betaT0.02/repeat_all_freq-length=40_skip=150_cp=112000_mel_text=False_phoneme-without-space_g2p-no-nn_lm-weight=0p3_ctc-weight=0p1/w1=1_w2=0.5_asr_start=320_mask=True/sample_19|0.2115|0.7275
DiT_Anechoic_LibSp_conditional-masked-melspec_w-masked-pix=1/dit-net_dim768_depth18_heads12_dim-head64_dropout0.1_ff_mult2_T400_betaT0.02/repeat_all_freq-length=40_skip=150_cp=112000_mel_text=False_phoneme-without-space_g2p-no-nn_lm-weight=0p3_ctc-weight=0p1/w1=1_w2=0.5_asr_start=320_mask=True/sample_404|0.113|0.5765
DiT_Anechoic_LibSp_conditional-masked-melspec_w-masked-pix=1/dit-net_dim768_depth18_heads12_dim-head64_dropout0.1_ff_mult2_T400_betaT0.02/repeat_all_freq-length=40_skip=150_cp=112000_mel_text=False_phoneme-without-space_g2p-no-nn_lm-weight=0p3_ctc-weight=0p1/w1=1_w2=0.5_asr_start=320_mask=True/sample_378|0.2457|0.8098
DiT_Anechoic_LibSp_conditional-masked-melspec_w-masked-pix=1/dit-net_dim768_depth18_heads12_dim-head64_dropout0.1_ff_mult2_T400_betaT0.02/repeat_all_freq-length=40_skip=150_cp=112000_mel_text=False_phoneme-without-space_g2p-no-nn_lm-weight=0p3_ctc-weight=0p1/w1=1_w2=0.5_asr_start=320_mask=True/sample_1697|0.1366|0.7438
DiT_Anechoic_LibSp_conditional-masked-melspec_w-masked-pix=1/dit-net_dim768_depth18_heads12_dim-head64_dropout0.1_ff_mult2_T400_betaT0.02/repeat_all_freq-length=40_skip=150_cp=112000_mel_text=False_phoneme-without-space_g2p-no-nn_lm-weight=0p3_ctc-weight=0p1/w1=1_w2=0.5_asr_start=320_mask=True/sample_2068|0.2049|0.5877
DiT_Anechoic_LibSp_conditional-masked-melspec_w-masked-pix=1/dit-net_dim768_depth18_heads12_dim-head64_dropout0.1_ff_mult2_T400_betaT0.02/repeat_all_freq-length=40_skip=150_cp=112000_mel_text=False_phoneme-without-space_g2p-no-nn_lm-weight=0p3_ctc-weight=0p1/w1=1_w2=0.5_asr_start=320_mask=True/sample_500|0.1735|0.7406
DiT_Anechoic_LibSp_conditional-masked-melspec_w-masked-pix=1/dit-net_dim768_depth18_heads12_dim-head64_dropout0.1_ff_mult2_T400_betaT0.02/repeat_all_freq-length=40_skip=150_cp=112000_mel_text=False_phoneme-without-space_g2p-no-nn_lm-weight=0p3_ctc-weight=0p1/w1=1_w2=0.5_asr_start=320_mask=True/sample_1119|0.1589|0.6895
DiT_Anechoic_LibSp_conditional-masked-melspec_w-masked-pix=1/dit-net_dim768_depth18_heads12_dim-head64_dropout0.1_ff_mult2_T400_betaT0.02/repeat_all_freq-length=40_skip=150_cp=112000_mel_text=False_phoneme-without-space_g2p-no-nn_lm-weight=0p3_ctc-weight=0p1/w1=1_w2=0.5_asr_start=320_mask=True/sample_915|0.0902|0.5167
DiT_Anechoic_LibSp_conditional-masked-melspec_w-masked-pix=1/dit-net_dim768_depth18_heads12_dim-head64_dropout0.1_ff_mult2_T400_betaT0.02/repeat_all_freq-length=40_skip=150_cp=112000_mel_text=False_phoneme-without-space_g2p-no-nn_lm-weight=0p3_ctc-weight=0p1/w1=1_w2=0.5_asr_start=320_mask=True/sample_526|0.0762|0.4519
DiT_Anechoic_LibSp_conditional-masked-melspec_w-masked-pix=1/dit-net_dim768_depth18_heads12_dim-head64_dropout0.1_ff_mult2_T400_betaT0.02/repeat_all_freq-length=40_skip=150_cp=112000_mel_text=False_phoneme-without-space_g2p-no-nn_lm-weight=0p3_ctc-weight=0p1/w1=1_w2=0.5_asr_start=320_mask=True/sample_603|0.1694|0.519
DiT_Anechoic_LibSp_conditional-masked-melspec_w-masked-pix=1/dit-net_dim768_depth18_heads12_dim-head64_dropout0.1_ff_mult2_T400_betaT0.02/repeat_all_freq-length=40_skip=150_cp=112000_mel_text=False_phoneme-without-space_g2p-no-nn_lm-weight=0p3_ctc-weight=0p1/w1=1_w2=0.5_asr_start=320_mask=True/sample_1425|0.1962|0.7292
DiT_Anechoic_LibSp_conditional-masked-melspec_w-masked-pix=1/dit-net_dim768_depth18_heads12_dim-head64_dropout0.1_ff_mult2_T400_betaT0.02/repeat_all_freq-length=40_skip=150_cp=112000_mel_text=False_phoneme-without-space_g2p-no-nn_lm-weight=0p3_ctc-weight=0p1/w1=1_w2=0.5_asr_start=320_mask=True/sample_1797|0.1466|0.4569
DiT_Anechoic_LibSp_conditional-masked-melspec_w-masked-pix=1/dit-net_dim768_depth18_heads12_dim-head64_dropout0.1_ff_mult2_T400_betaT0.02/repeat_all_freq-length=40_skip=150_cp=112000_mel_text=False_phoneme-without-space_g2p-no-nn_lm-weight=0p3_ctc-weight=0p1/w1=1_w2=0.5_asr_start=320_mask=True/sample_1061|0.2712|0.6155
DiT_Anechoic_LibSp_conditional-masked-melspec_w-masked-pix=1/dit-net_dim768_depth18_heads12_dim-head64_dropout0.1_ff_mult2_T400_betaT0.02/repeat_all_freq-length=40_skip=150_cp=112000_mel_text=False_phoneme-without-space_g2p-no-nn_lm-weight=0p3_ctc-weight=0p1/w1=1_w2=0.5_asr_start=320_mask=True/sample_1002|0.1322|0.5306
DiT_Anechoic_LibSp_conditional-masked-melspec_w-masked-pix=1/dit-net_dim768_depth18_heads12_dim-head64_dropout0.1_ff_mult2_T400_betaT0.02/repeat_all_freq-length=40_skip=150_cp=112000_mel_text=False_phoneme-without-space_g2p-no-nn_lm-weight=0p3_ctc-weight=0p1/w1=1_w2=0.5_asr_start=320_mask=True/sample_275|0.1315|0.6564
DiT_Anechoic_LibSp_conditional-masked-melspec_w-masked-pix=1/dit-net_dim768_depth18_heads12_dim-head64_dropout0.1_ff_mult2_T400_betaT0.02/repeat_all_freq-length=40_skip=150_cp=112000_mel_text=False_phoneme-without-space_g2p-no-nn_lm-weight=0p3_ctc-weight=0p1/w1=1_w2=0.5_asr_start=320_mask=True/sample_312|0.1342|0.4289
DiT_Anechoic_LibSp_conditional-masked-melspec_w-masked-pix=1/dit-net_dim768_depth18_heads12_dim-head64_dropout0.1_ff_mult2_T400_betaT0.02/repeat_all_freq-length=40_skip=150_cp=112000_mel_text=False_phoneme-without-space_g2p-no-nn_lm-weight=0p3_ctc-weight=0p1/w1=1_w2=0.5_asr_start=320_mask=True/sample_847|0.1758|0.4482
DiT_Anechoic_LibSp_conditional-masked-melspec_w-masked-pix=1/dit-net_dim768_depth18_heads12_dim-head64_dropout0.1_ff_mult2_T400_betaT0.02/repeat_all_freq-length=40_skip=150_cp=112000_mel_text=False_phoneme-without-space_g2p-no-nn_lm-weight=0p3_ctc-weight=0p1/w1=1_w2=0.5_asr_start=320_mask=True/sample_833|0.1794|0.5107
DiT_Anechoic_LibSp_conditional-masked-melspec_w-masked-pix=1/dit-net_dim768_depth18_heads12_dim-head64_dropout0.1_ff_mult2_T400_betaT0.02/repeat_all_freq-length=40_skip=150_cp=112000_mel_text=False_phoneme-without-space_g2p-no-nn_lm-weight=0p3_ctc-weight=0p1/w1=1_w2=0.5_asr_start=320_mask=True/sample_2061|0.2422|0.5082
DiT_Anechoic_LibSp_conditional-masked-melspec_w-masked-pix=1/dit-net_dim768_depth18_heads12_dim-head64_dropout0.1_ff_mult2_T400_betaT0.02/repeat_all_freq-length=40_skip=150_cp=112000_mel_text=False_phoneme-without-space_g2p-no-nn_lm-weight=0p3_ctc-weight=0p1/w1=1_w2=0.5_asr_start=320_mask=True/sample_1784|0.3254|0.527
DiT_Anechoic_LibSp_conditional-masked-melspec_w-masked-pix=1/dit-net_dim768_depth18_heads12_dim-head64_dropout0.1_ff_mult2_T400_betaT0.02/repeat_all_freq-length=40_skip=150_cp=112000_mel_text=False_phoneme-without-space_g2p-no-nn_lm-weight=0p3_ctc-weight=0p1/w1=1_w2=0.5_asr_start=320_mask=True/sample_5|0.0915|0.5291
DiT_Anechoic_LibSp_conditional-masked-melspec_w-masked-pix=1/dit-net_dim768_depth18_heads12_dim-head64_dropout0.1_ff_mult2_T400_betaT0.02/repeat_all_freq-length=40_skip=150_cp=112000_mel_text=False_phoneme-without-space_g2p-no-nn_lm-weight=0p3_ctc-weight=0p1/w1=1_w2=0.5_asr_start=320_mask=True/sample_2410|0.1375|0.4537
DiT_Anechoic_LibSp_conditional-masked-melspec_w-masked-pix=1/dit-net_dim768_depth18_heads12_dim-head64_dropout0.1_ff_mult2_T400_betaT0.02/repeat_all_freq-length=40_skip=150_cp=112000_mel_text=False_phoneme-without-space_g2p-no-nn_lm-weight=0p3_ctc-weight=0p1/w1=1_w2=0.5_asr_start=320_mask=True/sample_494|0.2122|0.8091
DiT_Anechoic_LibSp_conditional-masked-melspec_w-masked-pix=1/dit-net_dim768_depth18_heads12_dim-head64_dropout0.1_ff_mult2_T400_betaT0.02/repeat_all_freq-length=40_skip=150_cp=112000_mel_text=False_phoneme-without-space_g2p-no-nn_lm-weight=0p3_ctc-weight=0p1/w1=1_w2=0.5_asr_start=320_mask=True/sample_2423|0.162|0.6717
DiT_Anechoic_LibSp_conditional-masked-melspec_w-masked-pix=1/dit-net_dim768_depth18_heads12_dim-head64_dropout0.1_ff_mult2_T400_betaT0.02/repeat_all_freq-length=40_skip=150_cp=112000_mel_text=False_phoneme-without-space_g2p-no-nn_lm-weight=0p3_ctc-weight=0p1/w1=1_w2=0.5_asr_start=320_mask=True/sample_2096|0.1542|0.5364
DiT_Anechoic_LibSp_conditional-masked-melspec_w-masked-pix=1/dit-net_dim768_depth18_heads12_dim-head64_dropout0.1_ff_mult2_T400_betaT0.02/repeat_all_freq-length=40_skip=150_cp=112000_mel_text=False_phoneme-without-space_g2p-no-nn_lm-weight=0p3_ctc-weight=0p1/w1=1_w2=0.5_asr_start=320_mask=True/sample_208|0.1273|0.7227
DiT_Anechoic_LibSp_conditional-masked-melspec_w-masked-pix=1/dit-net_dim768_depth18_heads12_dim-head64_dropout0.1_ff_mult2_T400_betaT0.02/repeat_all_freq-length=40_skip=150_cp=112000_mel_text=False_phoneme-without-space_g2p-no-nn_lm-weight=0p3_ctc-weight=0p1/w1=1_w2=0.5_asr_start=320_mask=True/sample_1864|0.16|0.6083
DiT_Anechoic_LibSp_conditional-masked-melspec_w-masked-pix=1/dit-net_dim768_depth18_heads12_dim-head64_dropout0.1_ff_mult2_T400_betaT0.02/repeat_all_freq-length=40_skip=150_cp=112000_mel_text=False_phoneme-without-space_g2p-no-nn_lm-weight=0p3_ctc-weight=0p1/w1=1_w2=0.5_asr_start=320_mask=True/sample_2401|0.137|0.5702
DiT_Anechoic_LibSp_conditional-masked-melspec_w-masked-pix=1/dit-net_dim768_depth18_heads12_dim-head64_dropout0.1_ff_mult2_T400_betaT0.02/repeat_all_freq-length=40_skip=150_cp=112000_mel_text=False_phoneme-without-space_g2p-no-nn_lm-weight=0p3_ctc-weight=0p1/w1=1_w2=0.5_asr_start=320_mask=True/sample_180|0.1551|0.7036
DiT_Anechoic_LibSp_conditional-masked-melspec_w-masked-pix=1/dit-net_dim768_depth18_heads12_dim-head64_dropout0.1_ff_mult2_T400_betaT0.02/repeat_all_freq-length=40_skip=150_cp=112000_mel_text=False_phoneme-without-space_g2p-no-nn_lm-weight=0p3_ctc-weight=0p1/w1=1_w2=0.5_asr_start=320_mask=True/sample_2035|0.1533|0.6836
DiT_Anechoic_LibSp_conditional-masked-melspec_w-masked-pix=1/dit-net_dim768_depth18_heads12_dim-head64_dropout0.1_ff_mult2_T400_betaT0.02/repeat_all_freq-length=40_skip=150_cp=112000_mel_text=False_phoneme-without-space_g2p-no-nn_lm-weight=0p3_ctc-weight=0p1/w1=1_w2=0.5_asr_start=320_mask=True/sample_1083|0.4497|0.6208
DiT_Anechoic_LibSp_conditional-masked-melspec_w-masked-pix=1/dit-net_dim768_depth18_heads12_dim-head64_dropout0.1_ff_mult2_T400_betaT0.02/repeat_all_freq-length=30_skip=150_cp=112000_mel_text=False_phoneme-without-space_g2p-no-nn_lm-weight=0p3_ctc-weight=0p1/w1=1_w2=0.5_asr_start=320_mask=True/sample_2162|0.1078|0.5162
DiT_Anechoic_LibSp_conditional-masked-melspec_w-masked-pix=1/dit-net_dim768_depth18_heads12_dim-head64_dropout0.1_ff_mult2_T400_betaT0.02/repeat_all_freq-length=30_skip=150_cp=112000_mel_text=False_phoneme-without-space_g2p-no-nn_lm-weight=0p3_ctc-weight=0p1/w1=1_w2=0.5_asr_start=320_mask=True/sample_69|0.122|0.713
DiT_Anechoic_LibSp_conditional-masked-melspec_w-masked-pix=1/dit-net_dim768_depth18_heads12_dim-head64_dropout0.1_ff_mult2_T400_betaT0.02/repeat_all_freq-length=30_skip=150_cp=112000_mel_text=False_phoneme-without-space_g2p-no-nn_lm-weight=0p3_ctc-weight=0p1/w1=1_w2=0.5_asr_start=320_mask=True/sample_1885|0.2067|0.5476
DiT_Anechoic_LibSp_conditional-masked-melspec_w-masked-pix=1/dit-net_dim768_depth18_heads12_dim-head64_dropout0.1_ff_mult2_T400_betaT0.02/repeat_all_freq-length=30_skip=150_cp=112000_mel_text=False_phoneme-without-space_g2p-no-nn_lm-weight=0p3_ctc-weight=0p1/w1=1_w2=0.5_asr_start=320_mask=True/sample_317|0.1187|0.5418
DiT_Anechoic_LibSp_conditional-masked-melspec_w-masked-pix=1/dit-net_dim768_depth18_heads12_dim-head64_dropout0.1_ff_mult2_T400_betaT0.02/repeat_all_freq-length=30_skip=150_cp=112000_mel_text=False_phoneme-without-space_g2p-no-nn_lm-weight=0p3_ctc-weight=0p1/w1=1_w2=0.5_asr_start=320_mask=True/sample_1861|0.1814|0.4316
DiT_Anechoic_LibSp_conditional-masked-melspec_w-masked-pix=1/dit-net_dim768_depth18_heads12_dim-head64_dropout0.1_ff_mult2_T400_betaT0.02/repeat_all_freq-length=30_skip=150_cp=112000_mel_text=False_phoneme-without-space_g2p-no-nn_lm-weight=0p3_ctc-weight=0p1/w1=1_w2=0.5_asr_start=320_mask=True/sample_80|0.1199|0.4867
DiT_Anechoic_LibSp_conditional-masked-melspec_w-masked-pix=1/dit-net_dim768_depth18_heads12_dim-head64_dropout0.1_ff_mult2_T400_betaT0.02/repeat_all_freq-length=30_skip=150_cp=112000_mel_text=False_phoneme-without-space_g2p-no-nn_lm-weight=0p3_ctc-weight=0p1/w1=1_w2=0.5_asr_start=320_mask=True/sample_1962|0.2769|0.4769
DiT_Anechoic_LibSp_conditional-masked-melspec_w-masked-pix=1/dit-net_dim768_depth18_heads12_dim-head64_dropout0.1_ff_mult2_T400_betaT0.02/repeat_all_freq-length=30_skip=150_cp=112000_mel_text=False_phoneme-without-space_g2p-no-nn_lm-weight=0p3_ctc-weight=0p1/w1=1_w2=0.5_asr_start=320_mask=True/sample_304|0.1175|0.6067
DiT_Anechoic_LibSp_conditional-masked-melspec_w-masked-pix=1/dit-net_dim768_depth18_heads12_dim-head64_dropout0.1_ff_mult2_T400_betaT0.02/repeat_all_freq-length=30_skip=150_cp=112000_mel_text=False_phoneme-without-space_g2p-no-nn_lm-weight=0p3_ctc-weight=0p1/w1=1_w2=0.5_asr_start=320_mask=True/sample_1816|0.1755|0.6513
DiT_Anechoic_LibSp_conditional-masked-melspec_w-masked-pix=1/dit-net_dim768_depth18_heads12_dim-head64_dropout0.1_ff_mult2_T400_betaT0.02/repeat_all_freq-length=30_skip=150_cp=112000_mel_text=False_phoneme-without-space_g2p-no-nn_lm-weight=0p3_ctc-weight=0p1/w1=1_w2=0.5_asr_start=320_mask=True/sample_1529|0.1057|0.424
DiT_Anechoic_LibSp_conditional-masked-melspec_w-masked-pix=1/dit-net_dim768_depth18_heads12_dim-head64_dropout0.1_ff_mult2_T400_betaT0.02/repeat_all_freq-length=30_skip=150_cp=112000_mel_text=False_phoneme-without-space_g2p-no-nn_lm-weight=0p3_ctc-weight=0p1/w1=1_w2=0.5_asr_start=320_mask=True/sample_1667|0.0788|0.499
DiT_Anechoic_LibSp_conditional-masked-melspec_w-masked-pix=1/dit-net_dim768_depth18_heads12_dim-head64_dropout0.1_ff_mult2_T400_betaT0.02/repeat_all_freq-length=30_skip=150_cp=112000_mel_text=False_phoneme-without-space_g2p-no-nn_lm-weight=0p3_ctc-weight=0p1/w1=1_w2=0.5_asr_start=320_mask=True/sample_1809|0.0876|0.4641
DiT_Anechoic_LibSp_conditional-masked-melspec_w-masked-pix=1/dit-net_dim768_depth18_heads12_dim-head64_dropout0.1_ff_mult2_T400_betaT0.02/repeat_all_freq-length=30_skip=150_cp=112000_mel_text=False_phoneme-without-space_g2p-no-nn_lm-weight=0p3_ctc-weight=0p1/w1=1_w2=0.5_asr_start=320_mask=True/sample_582|0.0912|0.5596
DiT_Anechoic_LibSp_conditional-masked-melspec_w-masked-pix=1/dit-net_dim768_depth18_heads12_dim-head64_dropout0.1_ff_mult2_T400_betaT0.02/repeat_all_freq-length=30_skip=150_cp=112000_mel_text=False_phoneme-without-space_g2p-no-nn_lm-weight=0p3_ctc-weight=0p1/w1=1_w2=0.5_asr_start=320_mask=True/sample_1845|0.1806|0.6501
DiT_Anechoic_LibSp_conditional-masked-melspec_w-masked-pix=1/dit-net_dim768_depth18_heads12_dim-head64_dropout0.1_ff_mult2_T400_betaT0.02/repeat_all_freq-length=30_skip=150_cp=112000_mel_text=False_phoneme-without-space_g2p-no-nn_lm-weight=0p3_ctc-weight=0p1/w1=1_w2=0.5_asr_start=320_mask=True/sample_610|0.1375|0.4523
DiT_Anechoic_LibSp_conditional-masked-melspec_w-masked-pix=1/dit-net_dim768_depth18_heads12_dim-head64_dropout0.1_ff_mult2_T400_betaT0.02/repeat_all_freq-length=30_skip=150_cp=112000_mel_text=False_phoneme-without-space_g2p-no-nn_lm-weight=0p3_ctc-weight=0p1/w1=1_w2=0.5_asr_start=320_mask=True/sample_504|0.1568|0.7099
DiT_Anechoic_LibSp_conditional-masked-melspec_w-masked-pix=1/dit-net_dim768_depth18_heads12_dim-head64_dropout0.1_ff_mult2_T400_betaT0.02/repeat_all_freq-length=30_skip=150_cp=112000_mel_text=False_phoneme-without-space_g2p-no-nn_lm-weight=0p3_ctc-weight=0p1/w1=1_w2=0.5_asr_start=320_mask=True/sample_244|0.2287|0.513
DiT_Anechoic_LibSp_conditional-masked-melspec_w-masked-pix=1/dit-net_dim768_depth18_heads12_dim-head64_dropout0.1_ff_mult2_T400_betaT0.02/repeat_all_freq-length=30_skip=150_cp=112000_mel_text=False_phoneme-without-space_g2p-no-nn_lm-weight=0p3_ctc-weight=0p1/w1=1_w2=0.5_asr_start=320_mask=True/sample_2265|0.1573|0.6858
DiT_Anechoic_LibSp_conditional-masked-melspec_w-masked-pix=1/dit-net_dim768_depth18_heads12_dim-head64_dropout0.1_ff_mult2_T400_betaT0.02/repeat_all_freq-length=30_skip=150_cp=112000_mel_text=False_phoneme-without-space_g2p-no-nn_lm-weight=0p3_ctc-weight=0p1/w1=1_w2=0.5_asr_start=320_mask=True/sample_909|0.1031|0.4546
DiT_Anechoic_LibSp_conditional-masked-melspec_w-masked-pix=1/dit-net_dim768_depth18_heads12_dim-head64_dropout0.1_ff_mult2_T400_betaT0.02/repeat_all_freq-length=30_skip=150_cp=112000_mel_text=False_phoneme-without-space_g2p-no-nn_lm-weight=0p3_ctc-weight=0p1/w1=1_w2=0.5_asr_start=320_mask=True/sample_19|0.1603|0.6772
DiT_Anechoic_LibSp_conditional-masked-melspec_w-masked-pix=1/dit-net_dim768_depth18_heads12_dim-head64_dropout0.1_ff_mult2_T400_betaT0.02/repeat_all_freq-length=30_skip=150_cp=112000_mel_text=False_phoneme-without-space_g2p-no-nn_lm-weight=0p3_ctc-weight=0p1/w1=1_w2=0.5_asr_start=320_mask=True/sample_404|0.1671|0.5943
DiT_Anechoic_LibSp_conditional-masked-melspec_w-masked-pix=1/dit-net_dim768_depth18_heads12_dim-head64_dropout0.1_ff_mult2_T400_betaT0.02/repeat_all_freq-length=30_skip=150_cp=112000_mel_text=False_phoneme-without-space_g2p-no-nn_lm-weight=0p3_ctc-weight=0p1/w1=1_w2=0.5_asr_start=320_mask=True/sample_378|0.1797|0.7724
DiT_Anechoic_LibSp_conditional-masked-melspec_w-masked-pix=1/dit-net_dim768_depth18_heads12_dim-head64_dropout0.1_ff_mult2_T400_betaT0.02/repeat_all_freq-length=30_skip=150_cp=112000_mel_text=False_phoneme-without-space_g2p-no-nn_lm-weight=0p3_ctc-weight=0p1/w1=1_w2=0.5_asr_start=320_mask=True/sample_1697|0.1238|0.6884
DiT_Anechoic_LibSp_conditional-masked-melspec_w-masked-pix=1/dit-net_dim768_depth18_heads12_dim-head64_dropout0.1_ff_mult2_T400_betaT0.02/repeat_all_freq-length=30_skip=150_cp=112000_mel_text=False_phoneme-without-space_g2p-no-nn_lm-weight=0p3_ctc-weight=0p1/w1=1_w2=0.5_asr_start=320_mask=True/sample_2068|0.1253|0.629
DiT_Anechoic_LibSp_conditional-masked-melspec_w-masked-pix=1/dit-net_dim768_depth18_heads12_dim-head64_dropout0.1_ff_mult2_T400_betaT0.02/repeat_all_freq-length=30_skip=150_cp=112000_mel_text=False_phoneme-without-space_g2p-no-nn_lm-weight=0p3_ctc-weight=0p1/w1=1_w2=0.5_asr_start=320_mask=True/sample_500|0.1157|0.7919
DiT_Anechoic_LibSp_conditional-masked-melspec_w-masked-pix=1/dit-net_dim768_depth18_heads12_dim-head64_dropout0.1_ff_mult2_T400_betaT0.02/repeat_all_freq-length=30_skip=150_cp=112000_mel_text=False_phoneme-without-space_g2p-no-nn_lm-weight=0p3_ctc-weight=0p1/w1=1_w2=0.5_asr_start=320_mask=True/sample_1119|0.1738|0.6369
DiT_Anechoic_LibSp_conditional-masked-melspec_w-masked-pix=1/dit-net_dim768_depth18_heads12_dim-head64_dropout0.1_ff_mult2_T400_betaT0.02/repeat_all_freq-length=30_skip=150_cp=112000_mel_text=False_phoneme-without-space_g2p-no-nn_lm-weight=0p3_ctc-weight=0p1/w1=1_w2=0.5_asr_start=320_mask=True/sample_915|0.0863|0.5936
DiT_Anechoic_LibSp_conditional-masked-melspec_w-masked-pix=1/dit-net_dim768_depth18_heads12_dim-head64_dropout0.1_ff_mult2_T400_betaT0.02/repeat_all_freq-length=30_skip=150_cp=112000_mel_text=False_phoneme-without-space_g2p-no-nn_lm-weight=0p3_ctc-weight=0p1/w1=1_w2=0.5_asr_start=320_mask=True/sample_526|0.1291|0.5595
DiT_Anechoic_LibSp_conditional-masked-melspec_w-masked-pix=1/dit-net_dim768_depth18_heads12_dim-head64_dropout0.1_ff_mult2_T400_betaT0.02/repeat_all_freq-length=30_skip=150_cp=112000_mel_text=False_phoneme-without-space_g2p-no-nn_lm-weight=0p3_ctc-weight=0p1/w1=1_w2=0.5_asr_start=320_mask=True/sample_603|0.2512|0.6159
DiT_Anechoic_LibSp_conditional-masked-melspec_w-masked-pix=1/dit-net_dim768_depth18_heads12_dim-head64_dropout0.1_ff_mult2_T400_betaT0.02/repeat_all_freq-length=30_skip=150_cp=112000_mel_text=False_phoneme-without-space_g2p-no-nn_lm-weight=0p3_ctc-weight=0p1/w1=1_w2=0.5_asr_start=320_mask=True/sample_1425|0.1833|0.6659
DiT_Anechoic_LibSp_conditional-masked-melspec_w-masked-pix=1/dit-net_dim768_depth18_heads12_dim-head64_dropout0.1_ff_mult2_T400_betaT0.02/repeat_all_freq-length=30_skip=150_cp=112000_mel_text=False_phoneme-without-space_g2p-no-nn_lm-weight=0p3_ctc-weight=0p1/w1=1_w2=0.5_asr_start=320_mask=True/sample_1797|0.1144|0.5219
DiT_Anechoic_LibSp_conditional-masked-melspec_w-masked-pix=1/dit-net_dim768_depth18_heads12_dim-head64_dropout0.1_ff_mult2_T400_betaT0.02/repeat_all_freq-length=30_skip=150_cp=112000_mel_text=False_phoneme-without-space_g2p-no-nn_lm-weight=0p3_ctc-weight=0p1/w1=1_w2=0.5_asr_start=320_mask=True/sample_1061|0.1896|0.5737
DiT_Anechoic_LibSp_conditional-masked-melspec_w-masked-pix=1/dit-net_dim768_depth18_heads12_dim-head64_dropout0.1_ff_mult2_T400_betaT0.02/repeat_all_freq-length=30_skip=150_cp=112000_mel_text=False_phoneme-without-space_g2p-no-nn_lm-weight=0p3_ctc-weight=0p1/w1=1_w2=0.5_asr_start=320_mask=True/sample_1002|0.1217|0.5012
DiT_Anechoic_LibSp_conditional-masked-melspec_w-masked-pix=1/dit-net_dim768_depth18_heads12_dim-head64_dropout0.1_ff_mult2_T400_betaT0.02/repeat_all_freq-length=30_skip=150_cp=112000_mel_text=False_phoneme-without-space_g2p-no-nn_lm-weight=0p3_ctc-weight=0p1/w1=1_w2=0.5_asr_start=320_mask=True/sample_275|0.0964|0.7265
DiT_Anechoic_LibSp_conditional-masked-melspec_w-masked-pix=1/dit-net_dim768_depth18_heads12_dim-head64_dropout0.1_ff_mult2_T400_betaT0.02/repeat_all_freq-length=30_skip=150_cp=112000_mel_text=False_phoneme-without-space_g2p-no-nn_lm-weight=0p3_ctc-weight=0p1/w1=1_w2=0.5_asr_start=320_mask=True/sample_312|0.1184|0.4979
DiT_Anechoic_LibSp_conditional-masked-melspec_w-masked-pix=1/dit-net_dim768_depth18_heads12_dim-head64_dropout0.1_ff_mult2_T400_betaT0.02/repeat_all_freq-length=30_skip=150_cp=112000_mel_text=False_phoneme-without-space_g2p-no-nn_lm-weight=0p3_ctc-weight=0p1/w1=1_w2=0.5_asr_start=320_mask=True/sample_847|0.1219|0.517
DiT_Anechoic_LibSp_conditional-masked-melspec_w-masked-pix=1/dit-net_dim768_depth18_heads12_dim-head64_dropout0.1_ff_mult2_T400_betaT0.02/repeat_all_freq-length=30_skip=150_cp=112000_mel_text=False_phoneme-without-space_g2p-no-nn_lm-weight=0p3_ctc-weight=0p1/w1=1_w2=0.5_asr_start=320_mask=True/sample_833|0.1531|0.4581
DiT_Anechoic_LibSp_conditional-masked-melspec_w-masked-pix=1/dit-net_dim768_depth18_heads12_dim-head64_dropout0.1_ff_mult2_T400_betaT0.02/repeat_all_freq-length=30_skip=150_cp=112000_mel_text=False_phoneme-without-space_g2p-no-nn_lm-weight=0p3_ctc-weight=0p1/w1=1_w2=0.5_asr_start=320_mask=True/sample_2061|0.1325|0.4733
DiT_Anechoic_LibSp_conditional-masked-melspec_w-masked-pix=1/dit-net_dim768_depth18_heads12_dim-head64_dropout0.1_ff_mult2_T400_betaT0.02/repeat_all_freq-length=30_skip=150_cp=112000_mel_text=False_phoneme-without-space_g2p-no-nn_lm-weight=0p3_ctc-weight=0p1/w1=1_w2=0.5_asr_start=320_mask=True/sample_1784|0.3553|0.4502
DiT_Anechoic_LibSp_conditional-masked-melspec_w-masked-pix=1/dit-net_dim768_depth18_heads12_dim-head64_dropout0.1_ff_mult2_T400_betaT0.02/repeat_all_freq-length=30_skip=150_cp=112000_mel_text=False_phoneme-without-space_g2p-no-nn_lm-weight=0p3_ctc-weight=0p1/w1=1_w2=0.5_asr_start=320_mask=True/sample_5|0.1904|0.5306
DiT_Anechoic_LibSp_conditional-masked-melspec_w-masked-pix=1/dit-net_dim768_depth18_heads12_dim-head64_dropout0.1_ff_mult2_T400_betaT0.02/repeat_all_freq-length=30_skip=150_cp=112000_mel_text=False_phoneme-without-space_g2p-no-nn_lm-weight=0p3_ctc-weight=0p1/w1=1_w2=0.5_asr_start=320_mask=True/sample_2410|0.1376|0.6179
DiT_Anechoic_LibSp_conditional-masked-melspec_w-masked-pix=1/dit-net_dim768_depth18_heads12_dim-head64_dropout0.1_ff_mult2_T400_betaT0.02/repeat_all_freq-length=30_skip=150_cp=112000_mel_text=False_phoneme-without-space_g2p-no-nn_lm-weight=0p3_ctc-weight=0p1/w1=1_w2=0.5_asr_start=320_mask=True/sample_494|0.1419|0.7491
DiT_Anechoic_LibSp_conditional-masked-melspec_w-masked-pix=1/dit-net_dim768_depth18_heads12_dim-head64_dropout0.1_ff_mult2_T400_betaT0.02/repeat_all_freq-length=30_skip=150_cp=112000_mel_text=False_phoneme-without-space_g2p-no-nn_lm-weight=0p3_ctc-weight=0p1/w1=1_w2=0.5_asr_start=320_mask=True/sample_2423|0.0927|0.6185
DiT_Anechoic_LibSp_conditional-masked-melspec_w-masked-pix=1/dit-net_dim768_depth18_heads12_dim-head64_dropout0.1_ff_mult2_T400_betaT0.02/repeat_all_freq-length=30_skip=150_cp=112000_mel_text=False_phoneme-without-space_g2p-no-nn_lm-weight=0p3_ctc-weight=0p1/w1=1_w2=0.5_asr_start=320_mask=True/sample_2096|0.139|0.6447
DiT_Anechoic_LibSp_conditional-masked-melspec_w-masked-pix=1/dit-net_dim768_depth18_heads12_dim-head64_dropout0.1_ff_mult2_T400_betaT0.02/repeat_all_freq-length=30_skip=150_cp=112000_mel_text=False_phoneme-without-space_g2p-no-nn_lm-weight=0p3_ctc-weight=0p1/w1=1_w2=0.5_asr_start=320_mask=True/sample_208|0.1301|0.8054
DiT_Anechoic_LibSp_conditional-masked-melspec_w-masked-pix=1/dit-net_dim768_depth18_heads12_dim-head64_dropout0.1_ff_mult2_T400_betaT0.02/repeat_all_freq-length=30_skip=150_cp=112000_mel_text=False_phoneme-without-space_g2p-no-nn_lm-weight=0p3_ctc-weight=0p1/w1=1_w2=0.5_asr_start=320_mask=True/sample_1864|0.155|0.4584
DiT_Anechoic_LibSp_conditional-masked-melspec_w-masked-pix=1/dit-net_dim768_depth18_heads12_dim-head64_dropout0.1_ff_mult2_T400_betaT0.02/repeat_all_freq-length=30_skip=150_cp=112000_mel_text=False_phoneme-without-space_g2p-no-nn_lm-weight=0p3_ctc-weight=0p1/w1=1_w2=0.5_asr_start=320_mask=True/sample_2401|0.0929|0.7183
DiT_Anechoic_LibSp_conditional-masked-melspec_w-masked-pix=1/dit-net_dim768_depth18_heads12_dim-head64_dropout0.1_ff_mult2_T400_betaT0.02/repeat_all_freq-length=30_skip=150_cp=112000_mel_text=False_phoneme-without-space_g2p-no-nn_lm-weight=0p3_ctc-weight=0p1/w1=1_w2=0.5_asr_start=320_mask=True/sample_180|0.1334|0.8027
DiT_Anechoic_LibSp_conditional-masked-melspec_w-masked-pix=1/dit-net_dim768_depth18_heads12_dim-head64_dropout0.1_ff_mult2_T400_betaT0.02/repeat_all_freq-length=30_skip=150_cp=112000_mel_text=False_phoneme-without-space_g2p-no-nn_lm-weight=0p3_ctc-weight=0p1/w1=1_w2=0.5_asr_start=320_mask=True/sample_2035|0.1441|0.6642
DiT_Anechoic_LibSp_conditional-masked-melspec_w-masked-pix=1/dit-net_dim768_depth18_heads12_dim-head64_dropout0.1_ff_mult2_T400_betaT0.02/repeat_all_freq-length=30_skip=150_cp=112000_mel_text=False_phoneme-without-space_g2p-no-nn_lm-weight=0p3_ctc-weight=0p1/w1=1_w2=0.5_asr_start=320_mask=True/sample_1083|0.1893|0.6023
DiT_Anechoic_LibSp_conditional-masked-melspec_w-masked-pix=1/dit-net_dim768_depth18_heads12_dim-head64_dropout0.1_ff_mult2_T400_betaT0.02/repeat_all_freq-length=20_skip=150_cp=112000_mel_text=False_phoneme-without-space_g2p-no-nn_lm-weight=0p3_ctc-weight=0p1/w1=1_w2=0.5_asr_start=320_mask=True/sample_2162|0.0903|0.538
DiT_Anechoic_LibSp_conditional-masked-melspec_w-masked-pix=1/dit-net_dim768_depth18_heads12_dim-head64_dropout0.1_ff_mult2_T400_betaT0.02/repeat_all_freq-length=20_skip=150_cp=112000_mel_text=False_phoneme-without-space_g2p-no-nn_lm-weight=0p3_ctc-weight=0p1/w1=1_w2=0.5_asr_start=320_mask=True/sample_69|0.1178|0.6311
DiT_Anechoic_LibSp_conditional-masked-melspec_w-masked-pix=1/dit-net_dim768_depth18_heads12_dim-head64_dropout0.1_ff_mult2_T400_betaT0.02/repeat_all_freq-length=20_skip=150_cp=112000_mel_text=False_phoneme-without-space_g2p-no-nn_lm-weight=0p3_ctc-weight=0p1/w1=1_w2=0.5_asr_start=320_mask=True/sample_1885|0.0855|0.4345
DiT_Anechoic_LibSp_conditional-masked-melspec_w-masked-pix=1/dit-net_dim768_depth18_heads12_dim-head64_dropout0.1_ff_mult2_T400_betaT0.02/repeat_all_freq-length=20_skip=150_cp=112000_mel_text=False_phoneme-without-space_g2p-no-nn_lm-weight=0p3_ctc-weight=0p1/w1=1_w2=0.5_asr_start=320_mask=True/sample_317|0.0869|0.5404
DiT_Anechoic_LibSp_conditional-masked-melspec_w-masked-pix=1/dit-net_dim768_depth18_heads12_dim-head64_dropout0.1_ff_mult2_T400_betaT0.02/repeat_all_freq-length=20_skip=150_cp=112000_mel_text=False_phoneme-without-space_g2p-no-nn_lm-weight=0p3_ctc-weight=0p1/w1=1_w2=0.5_asr_start=320_mask=True/sample_1861|0.0936|0.3915
DiT_Anechoic_LibSp_conditional-masked-melspec_w-masked-pix=1/dit-net_dim768_depth18_heads12_dim-head64_dropout0.1_ff_mult2_T400_betaT0.02/repeat_all_freq-length=20_skip=150_cp=112000_mel_text=False_phoneme-without-space_g2p-no-nn_lm-weight=0p3_ctc-weight=0p1/w1=1_w2=0.5_asr_start=320_mask=True/sample_80|0.0559|0.4208
DiT_Anechoic_LibSp_conditional-masked-melspec_w-masked-pix=1/dit-net_dim768_depth18_heads12_dim-head64_dropout0.1_ff_mult2_T400_betaT0.02/repeat_all_freq-length=20_skip=150_cp=112000_mel_text=False_phoneme-without-space_g2p-no-nn_lm-weight=0p3_ctc-weight=0p1/w1=1_w2=0.5_asr_start=320_mask=True/sample_1962|0.0727|0.516
DiT_Anechoic_LibSp_conditional-masked-melspec_w-masked-pix=1/dit-net_dim768_depth18_heads12_dim-head64_dropout0.1_ff_mult2_T400_betaT0.02/repeat_all_freq-length=20_skip=150_cp=112000_mel_text=False_phoneme-without-space_g2p-no-nn_lm-weight=0p3_ctc-weight=0p1/w1=1_w2=0.5_asr_start=320_mask=True/sample_304|0.1604|0.425
DiT_Anechoic_LibSp_conditional-masked-melspec_w-masked-pix=1/dit-net_dim768_depth18_heads12_dim-head64_dropout0.1_ff_mult2_T400_betaT0.02/repeat_all_freq-length=20_skip=150_cp=112000_mel_text=False_phoneme-without-space_g2p-no-nn_lm-weight=0p3_ctc-weight=0p1/w1=1_w2=0.5_asr_start=320_mask=True/sample_1816|0.0735|0.4888
DiT_Anechoic_LibSp_conditional-masked-melspec_w-masked-pix=1/dit-net_dim768_depth18_heads12_dim-head64_dropout0.1_ff_mult2_T400_betaT0.02/repeat_all_freq-length=20_skip=150_cp=112000_mel_text=False_phoneme-without-space_g2p-no-nn_lm-weight=0p3_ctc-weight=0p1/w1=1_w2=0.5_asr_start=320_mask=True/sample_1529|0.0606|0.5313
DiT_Anechoic_LibSp_conditional-masked-melspec_w-masked-pix=1/dit-net_dim768_depth18_heads12_dim-head64_dropout0.1_ff_mult2_T400_betaT0.02/repeat_all_freq-length=20_skip=150_cp=112000_mel_text=False_phoneme-without-space_g2p-no-nn_lm-weight=0p3_ctc-weight=0p1/w1=1_w2=0.5_asr_start=320_mask=True/sample_1667|0.0843|0.4899
DiT_Anechoic_LibSp_conditional-masked-melspec_w-masked-pix=1/dit-net_dim768_depth18_heads12_dim-head64_dropout0.1_ff_mult2_T400_betaT0.02/repeat_all_freq-length=20_skip=150_cp=112000_mel_text=False_phoneme-without-space_g2p-no-nn_lm-weight=0p3_ctc-weight=0p1/w1=1_w2=0.5_asr_start=320_mask=True/sample_1809|0.0745|0.5057
DiT_Anechoic_LibSp_conditional-masked-melspec_w-masked-pix=1/dit-net_dim768_depth18_heads12_dim-head64_dropout0.1_ff_mult2_T400_betaT0.02/repeat_all_freq-length=20_skip=150_cp=112000_mel_text=False_phoneme-without-space_g2p-no-nn_lm-weight=0p3_ctc-weight=0p1/w1=1_w2=0.5_asr_start=320_mask=True/sample_582|0.0934|0.5283
DiT_Anechoic_LibSp_conditional-masked-melspec_w-masked-pix=1/dit-net_dim768_depth18_heads12_dim-head64_dropout0.1_ff_mult2_T400_betaT0.02/repeat_all_freq-length=20_skip=150_cp=112000_mel_text=False_phoneme-without-space_g2p-no-nn_lm-weight=0p3_ctc-weight=0p1/w1=1_w2=0.5_asr_start=320_mask=True/sample_1845|0.0957|0.6437
DiT_Anechoic_LibSp_conditional-masked-melspec_w-masked-pix=1/dit-net_dim768_depth18_heads12_dim-head64_dropout0.1_ff_mult2_T400_betaT0.02/repeat_all_freq-length=20_skip=150_cp=112000_mel_text=False_phoneme-without-space_g2p-no-nn_lm-weight=0p3_ctc-weight=0p1/w1=1_w2=0.5_asr_start=320_mask=True/sample_610|0.0645|0.4409
DiT_Anechoic_LibSp_conditional-masked-melspec_w-masked-pix=1/dit-net_dim768_depth18_heads12_dim-head64_dropout0.1_ff_mult2_T400_betaT0.02/repeat_all_freq-length=20_skip=150_cp=112000_mel_text=False_phoneme-without-space_g2p-no-nn_lm-weight=0p3_ctc-weight=0p1/w1=1_w2=0.5_asr_start=320_mask=True/sample_504|0.1392|0.6216
DiT_Anechoic_LibSp_conditional-masked-melspec_w-masked-pix=1/dit-net_dim768_depth18_heads12_dim-head64_dropout0.1_ff_mult2_T400_betaT0.02/repeat_all_freq-length=20_skip=150_cp=112000_mel_text=False_phoneme-without-space_g2p-no-nn_lm-weight=0p3_ctc-weight=0p1/w1=1_w2=0.5_asr_start=320_mask=True/sample_244|0.0686|0.606
DiT_Anechoic_LibSp_conditional-masked-melspec_w-masked-pix=1/dit-net_dim768_depth18_heads12_dim-head64_dropout0.1_ff_mult2_T400_betaT0.02/repeat_all_freq-length=20_skip=150_cp=112000_mel_text=False_phoneme-without-space_g2p-no-nn_lm-weight=0p3_ctc-weight=0p1/w1=1_w2=0.5_asr_start=320_mask=True/sample_2265|0.1555|0.66
DiT_Anechoic_LibSp_conditional-masked-melspec_w-masked-pix=1/dit-net_dim768_depth18_heads12_dim-head64_dropout0.1_ff_mult2_T400_betaT0.02/repeat_all_freq-length=20_skip=150_cp=112000_mel_text=False_phoneme-without-space_g2p-no-nn_lm-weight=0p3_ctc-weight=0p1/w1=1_w2=0.5_asr_start=320_mask=True/sample_909|0.1539|0.59
DiT_Anechoic_LibSp_conditional-masked-melspec_w-masked-pix=1/dit-net_dim768_depth18_heads12_dim-head64_dropout0.1_ff_mult2_T400_betaT0.02/repeat_all_freq-length=20_skip=150_cp=112000_mel_text=False_phoneme-without-space_g2p-no-nn_lm-weight=0p3_ctc-weight=0p1/w1=1_w2=0.5_asr_start=320_mask=True/sample_19|0.111|0.6574
DiT_Anechoic_LibSp_conditional-masked-melspec_w-masked-pix=1/dit-net_dim768_depth18_heads12_dim-head64_dropout0.1_ff_mult2_T400_betaT0.02/repeat_all_freq-length=20_skip=150_cp=112000_mel_text=False_phoneme-without-space_g2p-no-nn_lm-weight=0p3_ctc-weight=0p1/w1=1_w2=0.5_asr_start=320_mask=True/sample_404|0.1158|0.7326
DiT_Anechoic_LibSp_conditional-masked-melspec_w-masked-pix=1/dit-net_dim768_depth18_heads12_dim-head64_dropout0.1_ff_mult2_T400_betaT0.02/repeat_all_freq-length=20_skip=150_cp=112000_mel_text=False_phoneme-without-space_g2p-no-nn_lm-weight=0p3_ctc-weight=0p1/w1=1_w2=0.5_asr_start=320_mask=True/sample_378|0.0611|0.6564
DiT_Anechoic_LibSp_conditional-masked-melspec_w-masked-pix=1/dit-net_dim768_depth18_heads12_dim-head64_dropout0.1_ff_mult2_T400_betaT0.02/repeat_all_freq-length=20_skip=150_cp=112000_mel_text=False_phoneme-without-space_g2p-no-nn_lm-weight=0p3_ctc-weight=0p1/w1=1_w2=0.5_asr_start=320_mask=True/sample_1697|0.0652|0.6742
DiT_Anechoic_LibSp_conditional-masked-melspec_w-masked-pix=1/dit-net_dim768_depth18_heads12_dim-head64_dropout0.1_ff_mult2_T400_betaT0.02/repeat_all_freq-length=20_skip=150_cp=112000_mel_text=False_phoneme-without-space_g2p-no-nn_lm-weight=0p3_ctc-weight=0p1/w1=1_w2=0.5_asr_start=320_mask=True/sample_2068|0.0653|0.6412
DiT_Anechoic_LibSp_conditional-masked-melspec_w-masked-pix=1/dit-net_dim768_depth18_heads12_dim-head64_dropout0.1_ff_mult2_T400_betaT0.02/repeat_all_freq-length=20_skip=150_cp=112000_mel_text=False_phoneme-without-space_g2p-no-nn_lm-weight=0p3_ctc-weight=0p1/w1=1_w2=0.5_asr_start=320_mask=True/sample_500|0.0831|0.724
DiT_Anechoic_LibSp_conditional-masked-melspec_w-masked-pix=1/dit-net_dim768_depth18_heads12_dim-head64_dropout0.1_ff_mult2_T400_betaT0.02/repeat_all_freq-length=20_skip=150_cp=112000_mel_text=False_phoneme-without-space_g2p-no-nn_lm-weight=0p3_ctc-weight=0p1/w1=1_w2=0.5_asr_start=320_mask=True/sample_1119|0.0834|0.4976
DiT_Anechoic_LibSp_conditional-masked-melspec_w-masked-pix=1/dit-net_dim768_depth18_heads12_dim-head64_dropout0.1_ff_mult2_T400_betaT0.02/repeat_all_freq-length=20_skip=150_cp=112000_mel_text=False_phoneme-without-space_g2p-no-nn_lm-weight=0p3_ctc-weight=0p1/w1=1_w2=0.5_asr_start=320_mask=True/sample_915|0.1031|0.5417
DiT_Anechoic_LibSp_conditional-masked-melspec_w-masked-pix=1/dit-net_dim768_depth18_heads12_dim-head64_dropout0.1_ff_mult2_T400_betaT0.02/repeat_all_freq-length=20_skip=150_cp=112000_mel_text=False_phoneme-without-space_g2p-no-nn_lm-weight=0p3_ctc-weight=0p1/w1=1_w2=0.5_asr_start=320_mask=True/sample_526|0.0651|0.5058
DiT_Anechoic_LibSp_conditional-masked-melspec_w-masked-pix=1/dit-net_dim768_depth18_heads12_dim-head64_dropout0.1_ff_mult2_T400_betaT0.02/repeat_all_freq-length=20_skip=150_cp=112000_mel_text=False_phoneme-without-space_g2p-no-nn_lm-weight=0p3_ctc-weight=0p1/w1=1_w2=0.5_asr_start=320_mask=True/sample_603|0.0765|0.5213
DiT_Anechoic_LibSp_conditional-masked-melspec_w-masked-pix=1/dit-net_dim768_depth18_heads12_dim-head64_dropout0.1_ff_mult2_T400_betaT0.02/repeat_all_freq-length=20_skip=150_cp=112000_mel_text=False_phoneme-without-space_g2p-no-nn_lm-weight=0p3_ctc-weight=0p1/w1=1_w2=0.5_asr_start=320_mask=True/sample_1425|0.0903|0.703
DiT_Anechoic_LibSp_conditional-masked-melspec_w-masked-pix=1/dit-net_dim768_depth18_heads12_dim-head64_dropout0.1_ff_mult2_T400_betaT0.02/repeat_all_freq-length=20_skip=150_cp=112000_mel_text=False_phoneme-without-space_g2p-no-nn_lm-weight=0p3_ctc-weight=0p1/w1=1_w2=0.5_asr_start=320_mask=True/sample_1797|0.1032|0.5619
DiT_Anechoic_LibSp_conditional-masked-melspec_w-masked-pix=1/dit-net_dim768_depth18_heads12_dim-head64_dropout0.1_ff_mult2_T400_betaT0.02/repeat_all_freq-length=20_skip=150_cp=112000_mel_text=False_phoneme-without-space_g2p-no-nn_lm-weight=0p3_ctc-weight=0p1/w1=1_w2=0.5_asr_start=320_mask=True/sample_1061|0.1657|0.4769
DiT_Anechoic_LibSp_conditional-masked-melspec_w-masked-pix=1/dit-net_dim768_depth18_heads12_dim-head64_dropout0.1_ff_mult2_T400_betaT0.02/repeat_all_freq-length=20_skip=150_cp=112000_mel_text=False_phoneme-without-space_g2p-no-nn_lm-weight=0p3_ctc-weight=0p1/w1=1_w2=0.5_asr_start=320_mask=True/sample_1002|0.0585|0.4689
DiT_Anechoic_LibSp_conditional-masked-melspec_w-masked-pix=1/dit-net_dim768_depth18_heads12_dim-head64_dropout0.1_ff_mult2_T400_betaT0.02/repeat_all_freq-length=20_skip=150_cp=112000_mel_text=False_phoneme-without-space_g2p-no-nn_lm-weight=0p3_ctc-weight=0p1/w1=1_w2=0.5_asr_start=320_mask=True/sample_275|0.0793|0.5478
DiT_Anechoic_LibSp_conditional-masked-melspec_w-masked-pix=1/dit-net_dim768_depth18_heads12_dim-head64_dropout0.1_ff_mult2_T400_betaT0.02/repeat_all_freq-length=20_skip=150_cp=112000_mel_text=False_phoneme-without-space_g2p-no-nn_lm-weight=0p3_ctc-weight=0p1/w1=1_w2=0.5_asr_start=320_mask=True/sample_312|0.1369|0.4948
DiT_Anechoic_LibSp_conditional-masked-melspec_w-masked-pix=1/dit-net_dim768_depth18_heads12_dim-head64_dropout0.1_ff_mult2_T400_betaT0.02/repeat_all_freq-length=20_skip=150_cp=112000_mel_text=False_phoneme-without-space_g2p-no-nn_lm-weight=0p3_ctc-weight=0p1/w1=1_w2=0.5_asr_start=320_mask=True/sample_847|0.2194|0.6862
DiT_Anechoic_LibSp_conditional-masked-melspec_w-masked-pix=1/dit-net_dim768_depth18_heads12_dim-head64_dropout0.1_ff_mult2_T400_betaT0.02/repeat_all_freq-length=20_skip=150_cp=112000_mel_text=False_phoneme-without-space_g2p-no-nn_lm-weight=0p3_ctc-weight=0p1/w1=1_w2=0.5_asr_start=320_mask=True/sample_833|0.1365|0.4822
DiT_Anechoic_LibSp_conditional-masked-melspec_w-masked-pix=1/dit-net_dim768_depth18_heads12_dim-head64_dropout0.1_ff_mult2_T400_betaT0.02/repeat_all_freq-length=20_skip=150_cp=112000_mel_text=False_phoneme-without-space_g2p-no-nn_lm-weight=0p3_ctc-weight=0p1/w1=1_w2=0.5_asr_start=320_mask=True/sample_2061|0.0686|0.3822
DiT_Anechoic_LibSp_conditional-masked-melspec_w-masked-pix=1/dit-net_dim768_depth18_heads12_dim-head64_dropout0.1_ff_mult2_T400_betaT0.02/repeat_all_freq-length=20_skip=150_cp=112000_mel_text=False_phoneme-without-space_g2p-no-nn_lm-weight=0p3_ctc-weight=0p1/w1=1_w2=0.5_asr_start=320_mask=True/sample_1784|0.1543|0.5492
DiT_Anechoic_LibSp_conditional-masked-melspec_w-masked-pix=1/dit-net_dim768_depth18_heads12_dim-head64_dropout0.1_ff_mult2_T400_betaT0.02/repeat_all_freq-length=20_skip=150_cp=112000_mel_text=False_phoneme-without-space_g2p-no-nn_lm-weight=0p3_ctc-weight=0p1/w1=1_w2=0.5_asr_start=320_mask=True/sample_5|0.0844|0.6193
DiT_Anechoic_LibSp_conditional-masked-melspec_w-masked-pix=1/dit-net_dim768_depth18_heads12_dim-head64_dropout0.1_ff_mult2_T400_betaT0.02/repeat_all_freq-length=20_skip=150_cp=112000_mel_text=False_phoneme-without-space_g2p-no-nn_lm-weight=0p3_ctc-weight=0p1/w1=1_w2=0.5_asr_start=320_mask=True/sample_2410|0.1068|0.6479
DiT_Anechoic_LibSp_conditional-masked-melspec_w-masked-pix=1/dit-net_dim768_depth18_heads12_dim-head64_dropout0.1_ff_mult2_T400_betaT0.02/repeat_all_freq-length=20_skip=150_cp=112000_mel_text=False_phoneme-without-space_g2p-no-nn_lm-weight=0p3_ctc-weight=0p1/w1=1_w2=0.5_asr_start=320_mask=True/sample_494|0.074|0.6396
DiT_Anechoic_LibSp_conditional-masked-melspec_w-masked-pix=1/dit-net_dim768_depth18_heads12_dim-head64_dropout0.1_ff_mult2_T400_betaT0.02/repeat_all_freq-length=20_skip=150_cp=112000_mel_text=False_phoneme-without-space_g2p-no-nn_lm-weight=0p3_ctc-weight=0p1/w1=1_w2=0.5_asr_start=320_mask=True/sample_2423|0.0975|0.6182
DiT_Anechoic_LibSp_conditional-masked-melspec_w-masked-pix=1/dit-net_dim768_depth18_heads12_dim-head64_dropout0.1_ff_mult2_T400_betaT0.02/repeat_all_freq-length=20_skip=150_cp=112000_mel_text=False_phoneme-without-space_g2p-no-nn_lm-weight=0p3_ctc-weight=0p1/w1=1_w2=0.5_asr_start=320_mask=True/sample_2096|0.0622|0.5515
DiT_Anechoic_LibSp_conditional-masked-melspec_w-masked-pix=1/dit-net_dim768_depth18_heads12_dim-head64_dropout0.1_ff_mult2_T400_betaT0.02/repeat_all_freq-length=20_skip=150_cp=112000_mel_text=False_phoneme-without-space_g2p-no-nn_lm-weight=0p3_ctc-weight=0p1/w1=1_w2=0.5_asr_start=320_mask=True/sample_208|0.1154|0.682
DiT_Anechoic_LibSp_conditional-masked-melspec_w-masked-pix=1/dit-net_dim768_depth18_heads12_dim-head64_dropout0.1_ff_mult2_T400_betaT0.02/repeat_all_freq-length=20_skip=150_cp=112000_mel_text=False_phoneme-without-space_g2p-no-nn_lm-weight=0p3_ctc-weight=0p1/w1=1_w2=0.5_asr_start=320_mask=True/sample_1864|0.0932|0.4409
DiT_Anechoic_LibSp_conditional-masked-melspec_w-masked-pix=1/dit-net_dim768_depth18_heads12_dim-head64_dropout0.1_ff_mult2_T400_betaT0.02/repeat_all_freq-length=20_skip=150_cp=112000_mel_text=False_phoneme-without-space_g2p-no-nn_lm-weight=0p3_ctc-weight=0p1/w1=1_w2=0.5_asr_start=320_mask=True/sample_2401|0.115|0.6501
DiT_Anechoic_LibSp_conditional-masked-melspec_w-masked-pix=1/dit-net_dim768_depth18_heads12_dim-head64_dropout0.1_ff_mult2_T400_betaT0.02/repeat_all_freq-length=20_skip=150_cp=112000_mel_text=False_phoneme-without-space_g2p-no-nn_lm-weight=0p3_ctc-weight=0p1/w1=1_w2=0.5_asr_start=320_mask=True/sample_180|0.0846|0.6594
DiT_Anechoic_LibSp_conditional-masked-melspec_w-masked-pix=1/dit-net_dim768_depth18_heads12_dim-head64_dropout0.1_ff_mult2_T400_betaT0.02/repeat_all_freq-length=20_skip=150_cp=112000_mel_text=False_phoneme-without-space_g2p-no-nn_lm-weight=0p3_ctc-weight=0p1/w1=1_w2=0.5_asr_start=320_mask=True/sample_2035|0.0905|0.7026
DiT_Anechoic_LibSp_conditional-masked-melspec_w-masked-pix=1/dit-net_dim768_depth18_heads12_dim-head64_dropout0.1_ff_mult2_T400_betaT0.02/repeat_all_freq-length=20_skip=150_cp=112000_mel_text=False_phoneme-without-space_g2p-no-nn_lm-weight=0p3_ctc-weight=0p1/w1=1_w2=0.5_asr_start=320_mask=True/sample_1083|0.1352|0.5768
DiT_Anechoic_LibSp_conditional-masked-melspec_w-masked-pix=1/dit-net_dim768_depth18_heads12_dim-head64_dropout0.1_ff_mult2_T400_betaT0.02/repeat_all_freq-length=10_skip=150_cp=112000_mel_text=False_phoneme-without-space_g2p-no-nn_lm-weight=0p3_ctc-weight=0p1/w1=1_w2=0.5_asr_start=320_mask=True/sample_2162|0.0487|0.4158
DiT_Anechoic_LibSp_conditional-masked-melspec_w-masked-pix=1/dit-net_dim768_depth18_heads12_dim-head64_dropout0.1_ff_mult2_T400_betaT0.02/repeat_all_freq-length=10_skip=150_cp=112000_mel_text=False_phoneme-without-space_g2p-no-nn_lm-weight=0p3_ctc-weight=0p1/w1=1_w2=0.5_asr_start=320_mask=True/sample_69|0.039|0.4708
DiT_Anechoic_LibSp_conditional-masked-melspec_w-masked-pix=1/dit-net_dim768_depth18_heads12_dim-head64_dropout0.1_ff_mult2_T400_betaT0.02/repeat_all_freq-length=10_skip=150_cp=112000_mel_text=False_phoneme-without-space_g2p-no-nn_lm-weight=0p3_ctc-weight=0p1/w1=1_w2=0.5_asr_start=320_mask=True/sample_1885|0.0313|0.4591
DiT_Anechoic_LibSp_conditional-masked-melspec_w-masked-pix=1/dit-net_dim768_depth18_heads12_dim-head64_dropout0.1_ff_mult2_T400_betaT0.02/repeat_all_freq-length=10_skip=150_cp=112000_mel_text=False_phoneme-without-space_g2p-no-nn_lm-weight=0p3_ctc-weight=0p1/w1=1_w2=0.5_asr_start=320_mask=True/sample_317|0.0866|0.447
DiT_Anechoic_LibSp_conditional-masked-melspec_w-masked-pix=1/dit-net_dim768_depth18_heads12_dim-head64_dropout0.1_ff_mult2_T400_betaT0.02/repeat_all_freq-length=10_skip=150_cp=112000_mel_text=False_phoneme-without-space_g2p-no-nn_lm-weight=0p3_ctc-weight=0p1/w1=1_w2=0.5_asr_start=320_mask=True/sample_1861|0.0614|0.3902
DiT_Anechoic_LibSp_conditional-masked-melspec_w-masked-pix=1/dit-net_dim768_depth18_heads12_dim-head64_dropout0.1_ff_mult2_T400_betaT0.02/repeat_all_freq-length=10_skip=150_cp=112000_mel_text=False_phoneme-without-space_g2p-no-nn_lm-weight=0p3_ctc-weight=0p1/w1=1_w2=0.5_asr_start=320_mask=True/sample_80|0.0393|0.4048
DiT_Anechoic_LibSp_conditional-masked-melspec_w-masked-pix=1/dit-net_dim768_depth18_heads12_dim-head64_dropout0.1_ff_mult2_T400_betaT0.02/repeat_all_freq-length=10_skip=150_cp=112000_mel_text=False_phoneme-without-space_g2p-no-nn_lm-weight=0p3_ctc-weight=0p1/w1=1_w2=0.5_asr_start=320_mask=True/sample_1962|0.0812|0.3722
DiT_Anechoic_LibSp_conditional-masked-melspec_w-masked-pix=1/dit-net_dim768_depth18_heads12_dim-head64_dropout0.1_ff_mult2_T400_betaT0.02/repeat_all_freq-length=10_skip=150_cp=112000_mel_text=False_phoneme-without-space_g2p-no-nn_lm-weight=0p3_ctc-weight=0p1/w1=1_w2=0.5_asr_start=320_mask=True/sample_304|0.0206|0.3378
DiT_Anechoic_LibSp_conditional-masked-melspec_w-masked-pix=1/dit-net_dim768_depth18_heads12_dim-head64_dropout0.1_ff_mult2_T400_betaT0.02/repeat_all_freq-length=10_skip=150_cp=112000_mel_text=False_phoneme-without-space_g2p-no-nn_lm-weight=0p3_ctc-weight=0p1/w1=1_w2=0.5_asr_start=320_mask=True/sample_1816|0.0753|0.4714
DiT_Anechoic_LibSp_conditional-masked-melspec_w-masked-pix=1/dit-net_dim768_depth18_heads12_dim-head64_dropout0.1_ff_mult2_T400_betaT0.02/repeat_all_freq-length=10_skip=150_cp=112000_mel_text=False_phoneme-without-space_g2p-no-nn_lm-weight=0p3_ctc-weight=0p1/w1=1_w2=0.5_asr_start=320_mask=True/sample_1529|0.074|0.3863
DiT_Anechoic_LibSp_conditional-masked-melspec_w-masked-pix=1/dit-net_dim768_depth18_heads12_dim-head64_dropout0.1_ff_mult2_T400_betaT0.02/repeat_all_freq-length=10_skip=150_cp=112000_mel_text=False_phoneme-without-space_g2p-no-nn_lm-weight=0p3_ctc-weight=0p1/w1=1_w2=0.5_asr_start=320_mask=True/sample_1667|0.093|0.3553
DiT_Anechoic_LibSp_conditional-masked-melspec_w-masked-pix=1/dit-net_dim768_depth18_heads12_dim-head64_dropout0.1_ff_mult2_T400_betaT0.02/repeat_all_freq-length=10_skip=150_cp=112000_mel_text=False_phoneme-without-space_g2p-no-nn_lm-weight=0p3_ctc-weight=0p1/w1=1_w2=0.5_asr_start=320_mask=True/sample_1809|0.0658|0.4394
DiT_Anechoic_LibSp_conditional-masked-melspec_w-masked-pix=1/dit-net_dim768_depth18_heads12_dim-head64_dropout0.1_ff_mult2_T400_betaT0.02/repeat_all_freq-length=10_skip=150_cp=112000_mel_text=False_phoneme-without-space_g2p-no-nn_lm-weight=0p3_ctc-weight=0p1/w1=1_w2=0.5_asr_start=320_mask=True/sample_582|0.0484|0.3854
DiT_Anechoic_LibSp_conditional-masked-melspec_w-masked-pix=1/dit-net_dim768_depth18_heads12_dim-head64_dropout0.1_ff_mult2_T400_betaT0.02/repeat_all_freq-length=10_skip=150_cp=112000_mel_text=False_phoneme-without-space_g2p-no-nn_lm-weight=0p3_ctc-weight=0p1/w1=1_w2=0.5_asr_start=320_mask=True/sample_1845|0.039|0.5198
DiT_Anechoic_LibSp_conditional-masked-melspec_w-masked-pix=1/dit-net_dim768_depth18_heads12_dim-head64_dropout0.1_ff_mult2_T400_betaT0.02/repeat_all_freq-length=10_skip=150_cp=112000_mel_text=False_phoneme-without-space_g2p-no-nn_lm-weight=0p3_ctc-weight=0p1/w1=1_w2=0.5_asr_start=320_mask=True/sample_610|0.0406|0.3498
DiT_Anechoic_LibSp_conditional-masked-melspec_w-masked-pix=1/dit-net_dim768_depth18_heads12_dim-head64_dropout0.1_ff_mult2_T400_betaT0.02/repeat_all_freq-length=10_skip=150_cp=112000_mel_text=False_phoneme-without-space_g2p-no-nn_lm-weight=0p3_ctc-weight=0p1/w1=1_w2=0.5_asr_start=320_mask=True/sample_504|0.0701|0.5144
DiT_Anechoic_LibSp_conditional-masked-melspec_w-masked-pix=1/dit-net_dim768_depth18_heads12_dim-head64_dropout0.1_ff_mult2_T400_betaT0.02/repeat_all_freq-length=10_skip=150_cp=112000_mel_text=False_phoneme-without-space_g2p-no-nn_lm-weight=0p3_ctc-weight=0p1/w1=1_w2=0.5_asr_start=320_mask=True/sample_244|0.069|0.4713
DiT_Anechoic_LibSp_conditional-masked-melspec_w-masked-pix=1/dit-net_dim768_depth18_heads12_dim-head64_dropout0.1_ff_mult2_T400_betaT0.02/repeat_all_freq-length=10_skip=150_cp=112000_mel_text=False_phoneme-without-space_g2p-no-nn_lm-weight=0p3_ctc-weight=0p1/w1=1_w2=0.5_asr_start=320_mask=True/sample_2265|0.0942|0.5048
DiT_Anechoic_LibSp_conditional-masked-melspec_w-masked-pix=1/dit-net_dim768_depth18_heads12_dim-head64_dropout0.1_ff_mult2_T400_betaT0.02/repeat_all_freq-length=10_skip=150_cp=112000_mel_text=False_phoneme-without-space_g2p-no-nn_lm-weight=0p3_ctc-weight=0p1/w1=1_w2=0.5_asr_start=320_mask=True/sample_909|0.0803|0.4201
DiT_Anechoic_LibSp_conditional-masked-melspec_w-masked-pix=1/dit-net_dim768_depth18_heads12_dim-head64_dropout0.1_ff_mult2_T400_betaT0.02/repeat_all_freq-length=10_skip=150_cp=112000_mel_text=False_phoneme-without-space_g2p-no-nn_lm-weight=0p3_ctc-weight=0p1/w1=1_w2=0.5_asr_start=320_mask=True/sample_19|0.0607|0.5706
DiT_Anechoic_LibSp_conditional-masked-melspec_w-masked-pix=1/dit-net_dim768_depth18_heads12_dim-head64_dropout0.1_ff_mult2_T400_betaT0.02/repeat_all_freq-length=10_skip=150_cp=112000_mel_text=False_phoneme-without-space_g2p-no-nn_lm-weight=0p3_ctc-weight=0p1/w1=1_w2=0.5_asr_start=320_mask=True/sample_404|0.0368|0.546
DiT_Anechoic_LibSp_conditional-masked-melspec_w-masked-pix=1/dit-net_dim768_depth18_heads12_dim-head64_dropout0.1_ff_mult2_T400_betaT0.02/repeat_all_freq-length=10_skip=150_cp=112000_mel_text=False_phoneme-without-space_g2p-no-nn_lm-weight=0p3_ctc-weight=0p1/w1=1_w2=0.5_asr_start=320_mask=True/sample_378|0.0369|0.51
DiT_Anechoic_LibSp_conditional-masked-melspec_w-masked-pix=1/dit-net_dim768_depth18_heads12_dim-head64_dropout0.1_ff_mult2_T400_betaT0.02/repeat_all_freq-length=10_skip=150_cp=112000_mel_text=False_phoneme-without-space_g2p-no-nn_lm-weight=0p3_ctc-weight=0p1/w1=1_w2=0.5_asr_start=320_mask=True/sample_1697|0.0537|0.4395
DiT_Anechoic_LibSp_conditional-masked-melspec_w-masked-pix=1/dit-net_dim768_depth18_heads12_dim-head64_dropout0.1_ff_mult2_T400_betaT0.02/repeat_all_freq-length=10_skip=150_cp=112000_mel_text=False_phoneme-without-space_g2p-no-nn_lm-weight=0p3_ctc-weight=0p1/w1=1_w2=0.5_asr_start=320_mask=True/sample_2068|0.0376|0.4334
DiT_Anechoic_LibSp_conditional-masked-melspec_w-masked-pix=1/dit-net_dim768_depth18_heads12_dim-head64_dropout0.1_ff_mult2_T400_betaT0.02/repeat_all_freq-length=10_skip=150_cp=112000_mel_text=False_phoneme-without-space_g2p-no-nn_lm-weight=0p3_ctc-weight=0p1/w1=1_w2=0.5_asr_start=320_mask=True/sample_500|0.0461|0.5046
DiT_Anechoic_LibSp_conditional-masked-melspec_w-masked-pix=1/dit-net_dim768_depth18_heads12_dim-head64_dropout0.1_ff_mult2_T400_betaT0.02/repeat_all_freq-length=10_skip=150_cp=112000_mel_text=False_phoneme-without-space_g2p-no-nn_lm-weight=0p3_ctc-weight=0p1/w1=1_w2=0.5_asr_start=320_mask=True/sample_1119|0.0371|0.3688
DiT_Anechoic_LibSp_conditional-masked-melspec_w-masked-pix=1/dit-net_dim768_depth18_heads12_dim-head64_dropout0.1_ff_mult2_T400_betaT0.02/repeat_all_freq-length=10_skip=150_cp=112000_mel_text=False_phoneme-without-space_g2p-no-nn_lm-weight=0p3_ctc-weight=0p1/w1=1_w2=0.5_asr_start=320_mask=True/sample_915|0.0438|0.4948
DiT_Anechoic_LibSp_conditional-masked-melspec_w-masked-pix=1/dit-net_dim768_depth18_heads12_dim-head64_dropout0.1_ff_mult2_T400_betaT0.02/repeat_all_freq-length=10_skip=150_cp=112000_mel_text=False_phoneme-without-space_g2p-no-nn_lm-weight=0p3_ctc-weight=0p1/w1=1_w2=0.5_asr_start=320_mask=True/sample_526|0.0526|0.5057
DiT_Anechoic_LibSp_conditional-masked-melspec_w-masked-pix=1/dit-net_dim768_depth18_heads12_dim-head64_dropout0.1_ff_mult2_T400_betaT0.02/repeat_all_freq-length=10_skip=150_cp=112000_mel_text=False_phoneme-without-space_g2p-no-nn_lm-weight=0p3_ctc-weight=0p1/w1=1_w2=0.5_asr_start=320_mask=True/sample_603|0.0563|0.4621
DiT_Anechoic_LibSp_conditional-masked-melspec_w-masked-pix=1/dit-net_dim768_depth18_heads12_dim-head64_dropout0.1_ff_mult2_T400_betaT0.02/repeat_all_freq-length=10_skip=150_cp=112000_mel_text=False_phoneme-without-space_g2p-no-nn_lm-weight=0p3_ctc-weight=0p1/w1=1_w2=0.5_asr_start=320_mask=True/sample_1425|0.0423|0.4662
DiT_Anechoic_LibSp_conditional-masked-melspec_w-masked-pix=1/dit-net_dim768_depth18_heads12_dim-head64_dropout0.1_ff_mult2_T400_betaT0.02/repeat_all_freq-length=10_skip=150_cp=112000_mel_text=False_phoneme-without-space_g2p-no-nn_lm-weight=0p3_ctc-weight=0p1/w1=1_w2=0.5_asr_start=320_mask=True/sample_1797|0.0507|0.4311
DiT_Anechoic_LibSp_conditional-masked-melspec_w-masked-pix=1/dit-net_dim768_depth18_heads12_dim-head64_dropout0.1_ff_mult2_T400_betaT0.02/repeat_all_freq-length=10_skip=150_cp=112000_mel_text=False_phoneme-without-space_g2p-no-nn_lm-weight=0p3_ctc-weight=0p1/w1=1_w2=0.5_asr_start=320_mask=True/sample_1061|0.0735|0.3336
DiT_Anechoic_LibSp_conditional-masked-melspec_w-masked-pix=1/dit-net_dim768_depth18_heads12_dim-head64_dropout0.1_ff_mult2_T400_betaT0.02/repeat_all_freq-length=10_skip=150_cp=112000_mel_text=False_phoneme-without-space_g2p-no-nn_lm-weight=0p3_ctc-weight=0p1/w1=1_w2=0.5_asr_start=320_mask=True/sample_1002|0.0563|0.4071
DiT_Anechoic_LibSp_conditional-masked-melspec_w-masked-pix=1/dit-net_dim768_depth18_heads12_dim-head64_dropout0.1_ff_mult2_T400_betaT0.02/repeat_all_freq-length=10_skip=150_cp=112000_mel_text=False_phoneme-without-space_g2p-no-nn_lm-weight=0p3_ctc-weight=0p1/w1=1_w2=0.5_asr_start=320_mask=True/sample_275|0.0299|0.5027
DiT_Anechoic_LibSp_conditional-masked-melspec_w-masked-pix=1/dit-net_dim768_depth18_heads12_dim-head64_dropout0.1_ff_mult2_T400_betaT0.02/repeat_all_freq-length=10_skip=150_cp=112000_mel_text=False_phoneme-without-space_g2p-no-nn_lm-weight=0p3_ctc-weight=0p1/w1=1_w2=0.5_asr_start=320_mask=True/sample_312|0.1092|0.3602
DiT_Anechoic_LibSp_conditional-masked-melspec_w-masked-pix=1/dit-net_dim768_depth18_heads12_dim-head64_dropout0.1_ff_mult2_T400_betaT0.02/repeat_all_freq-length=10_skip=150_cp=112000_mel_text=False_phoneme-without-space_g2p-no-nn_lm-weight=0p3_ctc-weight=0p1/w1=1_w2=0.5_asr_start=320_mask=True/sample_847|0.0611|0.6887
DiT_Anechoic_LibSp_conditional-masked-melspec_w-masked-pix=1/dit-net_dim768_depth18_heads12_dim-head64_dropout0.1_ff_mult2_T400_betaT0.02/repeat_all_freq-length=10_skip=150_cp=112000_mel_text=False_phoneme-without-space_g2p-no-nn_lm-weight=0p3_ctc-weight=0p1/w1=1_w2=0.5_asr_start=320_mask=True/sample_833|0.0669|0.3762
DiT_Anechoic_LibSp_conditional-masked-melspec_w-masked-pix=1/dit-net_dim768_depth18_heads12_dim-head64_dropout0.1_ff_mult2_T400_betaT0.02/repeat_all_freq-length=10_skip=150_cp=112000_mel_text=False_phoneme-without-space_g2p-no-nn_lm-weight=0p3_ctc-weight=0p1/w1=1_w2=0.5_asr_start=320_mask=True/sample_2061|0.0366|0.2874
DiT_Anechoic_LibSp_conditional-masked-melspec_w-masked-pix=1/dit-net_dim768_depth18_heads12_dim-head64_dropout0.1_ff_mult2_T400_betaT0.02/repeat_all_freq-length=10_skip=150_cp=112000_mel_text=False_phoneme-without-space_g2p-no-nn_lm-weight=0p3_ctc-weight=0p1/w1=1_w2=0.5_asr_start=320_mask=True/sample_1784|0.1055|0.3699
DiT_Anechoic_LibSp_conditional-masked-melspec_w-masked-pix=1/dit-net_dim768_depth18_heads12_dim-head64_dropout0.1_ff_mult2_T400_betaT0.02/repeat_all_freq-length=10_skip=150_cp=112000_mel_text=False_phoneme-without-space_g2p-no-nn_lm-weight=0p3_ctc-weight=0p1/w1=1_w2=0.5_asr_start=320_mask=True/sample_5|0.0682|0.5704
DiT_Anechoic_LibSp_conditional-masked-melspec_w-masked-pix=1/dit-net_dim768_depth18_heads12_dim-head64_dropout0.1_ff_mult2_T400_betaT0.02/repeat_all_freq-length=10_skip=150_cp=112000_mel_text=False_phoneme-without-space_g2p-no-nn_lm-weight=0p3_ctc-weight=0p1/w1=1_w2=0.5_asr_start=320_mask=True/sample_2410|0.0272|0.4931
DiT_Anechoic_LibSp_conditional-masked-melspec_w-masked-pix=1/dit-net_dim768_depth18_heads12_dim-head64_dropout0.1_ff_mult2_T400_betaT0.02/repeat_all_freq-length=10_skip=150_cp=112000_mel_text=False_phoneme-without-space_g2p-no-nn_lm-weight=0p3_ctc-weight=0p1/w1=1_w2=0.5_asr_start=320_mask=True/sample_494|0.0432|0.4941
DiT_Anechoic_LibSp_conditional-masked-melspec_w-masked-pix=1/dit-net_dim768_depth18_heads12_dim-head64_dropout0.1_ff_mult2_T400_betaT0.02/repeat_all_freq-length=10_skip=150_cp=112000_mel_text=False_phoneme-without-space_g2p-no-nn_lm-weight=0p3_ctc-weight=0p1/w1=1_w2=0.5_asr_start=320_mask=True/sample_2423|0.0523|0.5057
DiT_Anechoic_LibSp_conditional-masked-melspec_w-masked-pix=1/dit-net_dim768_depth18_heads12_dim-head64_dropout0.1_ff_mult2_T400_betaT0.02/repeat_all_freq-length=10_skip=150_cp=112000_mel_text=False_phoneme-without-space_g2p-no-nn_lm-weight=0p3_ctc-weight=0p1/w1=1_w2=0.5_asr_start=320_mask=True/sample_2096|0.0379|0.3678
DiT_Anechoic_LibSp_conditional-masked-melspec_w-masked-pix=1/dit-net_dim768_depth18_heads12_dim-head64_dropout0.1_ff_mult2_T400_betaT0.02/repeat_all_freq-length=10_skip=150_cp=112000_mel_text=False_phoneme-without-space_g2p-no-nn_lm-weight=0p3_ctc-weight=0p1/w1=1_w2=0.5_asr_start=320_mask=True/sample_208|0.0515|0.4013
DiT_Anechoic_LibSp_conditional-masked-melspec_w-masked-pix=1/dit-net_dim768_depth18_heads12_dim-head64_dropout0.1_ff_mult2_T400_betaT0.02/repeat_all_freq-length=10_skip=150_cp=112000_mel_text=False_phoneme-without-space_g2p-no-nn_lm-weight=0p3_ctc-weight=0p1/w1=1_w2=0.5_asr_start=320_mask=True/sample_1864|0.0487|0.3663
DiT_Anechoic_LibSp_conditional-masked-melspec_w-masked-pix=1/dit-net_dim768_depth18_heads12_dim-head64_dropout0.1_ff_mult2_T400_betaT0.02/repeat_all_freq-length=10_skip=150_cp=112000_mel_text=False_phoneme-without-space_g2p-no-nn_lm-weight=0p3_ctc-weight=0p1/w1=1_w2=0.5_asr_start=320_mask=True/sample_2401|0.0389|0.4126
DiT_Anechoic_LibSp_conditional-masked-melspec_w-masked-pix=1/dit-net_dim768_depth18_heads12_dim-head64_dropout0.1_ff_mult2_T400_betaT0.02/repeat_all_freq-length=10_skip=150_cp=112000_mel_text=False_phoneme-without-space_g2p-no-nn_lm-weight=0p3_ctc-weight=0p1/w1=1_w2=0.5_asr_start=320_mask=True/sample_180|0.0367|0.4546
DiT_Anechoic_LibSp_conditional-masked-melspec_w-masked-pix=1/dit-net_dim768_depth18_heads12_dim-head64_dropout0.1_ff_mult2_T400_betaT0.02/repeat_all_freq-length=10_skip=150_cp=112000_mel_text=False_phoneme-without-space_g2p-no-nn_lm-weight=0p3_ctc-weight=0p1/w1=1_w2=0.5_asr_start=320_mask=True/sample_2035|0.0413|0.4988
DiT_Anechoic_LibSp_conditional-masked-melspec_w-masked-pix=1/dit-net_dim768_depth18_heads12_dim-head64_dropout0.1_ff_mult2_T400_betaT0.02/repeat_all_freq-length=10_skip=150_cp=112000_mel_text=False_phoneme-without-space_g2p-no-nn_lm-weight=0p3_ctc-weight=0p1/w1=1_w2=0.5_asr_start=320_mask=True/sample_1083|0.144|0.3759
